protein,PC1,PC2,PC3,PC4,PC5,PC6,PC7,PC8,PC9,PC10,PC11,PC12,PC13,PC14,PC15,PC16,PC17,PC18,PC19,PC20,PC21,PC22,PC23,PC24,PC25,PC26,PC27,PC28,PC29,PC30,PC31,PC32,PC33,PC34,PC35,PC36,PC37,PC38,PC39,PC40,PC41,PC42,PC43,PC44,PC45,PC46,PC47,PC48,PC49,PC50
CD86,0.005730634,0.07786413,0.05706112,0.07957805,0.07339539,0.033546846,0.036756054,-0.06294773,-0.039839312,-0.00066319585,-0.18715271,0.069918536,-0.07652696,-0.015556147,-0.025619743,-0.07869134,-0.06367842,0.029578684,0.0026019136,0.039746415,-0.12816486,-0.009303849,0.09706068,-0.030770855,-0.0095273685,-0.018694868,-0.08049461,-0.011037352,0.024524206,-0.032677006,0.00085703266,0.048161063,0.008915067,0.0042439806,-0.0035691273,-0.012336198,-0.014197095,0.0051753456,-0.010422905,-0.029102987,-0.020205585,0.009531588,-0.008771892,-8.192462e-05,-0.01796606,-0.007524577,0.0073150825,0.0045635276,0.010497112,-0.0043235375
CD274,-0.032795426,0.0030008312,-0.101660885,-0.013994561,0.04178096,-0.08296803,0.0060809553,-0.011052739,0.0083093885,-0.15375073,-0.08015491,0.023688428,-0.05542472,0.05694594,-0.059850585,-0.019795194,-0.0062696356,-0.0072589233,-0.017866446,0.0011143413,0.016268296,-0.014913377,0.014339762,-0.0008811784,0.00463982,-0.021243475,0.0065946663,-0.012444356,0.007822017,-0.0014379552,-0.008430078,-0.002994119,-0.0081085805,0.007358922,-0.007927552,-0.016674737,-0.0016005181,0.0020325016,0.01040759,-0.0064079654,-0.0017766376,-0.003954167,-0.006725346,-0.00883838,0.009739106,0.010925727,-0.00072183396,-0.0026198458,0.010051836,-0.0043457565
CD270,0.048188284,0.0016216899,-0.13544975,-0.047410633,0.091942556,-0.08306978,0.03812438,-0.038153373,0.018443406,-0.21832739,-0.14984389,0.04741321,-0.07072146,0.064217344,-0.037320636,-0.03701172,-0.0059764213,-0.011330234,-0.018500596,0.004372605,0.015251774,-0.0041167554,-0.0145380655,0.00037691998,0.00050426164,-0.01276331,0.007671568,0.02631349,-0.020628713,-0.006685763,-0.014304618,0.0077145533,0.00021048923,0.0023938916,-0.015417602,0.0063670515,-0.0035560732,0.010743864,0.000878063,-0.0055761444,0.005609044,-0.019267162,-0.012342219,-0.011328013,-0.008991037,-0.0059793326,-0.004711893,-0.006467472,0.008787593,0.0147362
CD155,0.643983,0.26679316,0.32029173,-0.13376935,0.83109814,-0.28557253,0.23271306,-0.33458233,0.21960784,-0.95250064,-0.6429632,0.23194534,-0.4610582,0.07213733,-0.23763604,-0.038115747,0.19708028,-0.10438968,-0.013819173,0.11070997,0.09862305,-0.15244734,0.016647035,0.10511372,-0.07937035,-0.042956717,0.11758752,-0.11035268,0.02872989,0.030769352,0.024758408,-0.042754628,0.029704584,-0.123080075,0.025017543,-0.0520056,-0.045950893,-0.05128625,-0.0024866606,-0.0742999,0.054136466,0.009820187,-0.011812378,-0.0052736057,-0.057199467,-0.029730523,0.014185632,-0.01982351,-0.008143974,-0.006888984
CD112,0.3329312,0.40184537,0.5964568,-0.32460764,0.57403815,-0.2544968,0.08316443,-0.43022746,0.098435454,-0.53155917,-0.24690762,-0.28225654,-0.5157108,0.057183444,-0.11543148,-0.24850316,0.21365583,0.0664847,0.09439686,-0.05193319,0.09187631,-0.25516215,-0.046084747,-0.022153312,-0.054962836,-0.18072782,0.11869763,-0.029057438,0.05687435,-0.008486434,-0.00015409364,-0.027206227,0.0014756585,-0.07076912,0.032895055,-0.047674987,-0.061724212,0.026022946,0.003941952,0.042651962,0.06026902,-0.0053586834,-0.02371373,-0.03936591,-0.022648897,-0.016142257,-0.018654302,-0.029804774,0.013979781,-0.006507721
CD47,0.08067456,0.7152728,1.2561197,-0.26002824,0.9617866,-0.17995957,0.30819824,0.14348969,-0.32289866,-0.47395548,-1.0851821,0.5246917,-0.020924186,0.5345639,-0.013597854,-0.3717072,0.12017096,0.012599964,-0.13086909,-0.24307524,0.4262801,0.09778787,-0.1436459,0.10079937,0.2024692,-0.23402265,-0.2346362,0.043011047,-0.051498823,-0.30351245,0.06394188,-0.081994854,0.05807458,0.0015275498,0.032914504,-0.07668081,0.020258157,0.14609739,-0.102820784,-0.1424392,0.13249391,0.008241754,-0.08823892,-0.039040733,-0.1231391,-0.06635191,-0.010409955,-0.021494064,-0.014755322,-0.042926203
CD48,0.761057,0.857225,2.199066,1.489304,1.2683954,-0.034580324,0.4603256,0.051795598,-0.9375449,0.44059816,-1.7033252,0.37380975,-0.85397345,-0.5366687,-0.21197942,-0.932381,-0.59257865,-0.08918166,-0.036391474,0.19095589,-0.41904306,-0.16033803,0.38243988,0.19257857,-0.2541509,-0.1443813,-0.24912468,0.21490347,0.420148,-0.03796852,0.35654733,-0.31110698,0.095961824,0.23964946,0.25965583,-0.17200637,0.10173424,0.16627285,-0.02300944,-0.01588153,-0.16113749,0.16391762,-0.05138311,-0.02754115,-0.18952636,-0.02528585,0.11737904,-0.027582698,0.14934233,-0.012595753
CD40,-0.009922842,0.0045443224,-0.14438117,-0.049140837,0.008867862,0.00021232435,0.029389057,-0.025173865,-0.022062667,-0.12325159,-0.061051972,-0.041017998,-0.09806371,-0.023160828,-0.017773606,-0.026339937,0.008455232,-0.0027123338,0.006839775,0.0010957218,0.037432946,-0.08584403,-0.030590244,-0.028064933,0.014717829,-0.02767103,-0.06351044,0.029557174,0.0010174377,-0.011445268,-0.023390753,0.028090432,-0.009804918,0.031399462,-0.0058185756,-0.013030583,-0.0026061602,-0.02180054,0.0065410463,-0.02984824,0.019393235,-0.020247197,-0.0039687697,-0.024723252,0.0046257316,0.013394546,0.0021571997,-0.019527117,0.01936121,-0.004384175
CD154,0.031452827,-0.03711514,-0.1741194,-0.008753516,0.07213719,-0.12389851,0.030826941,-0.012066014,0.015384313,-0.20914426,-0.1177262,0.042530455,-0.039894808,0.08025117,-0.049155064,-0.025116155,-0.0050841374,-0.011983157,-0.03510084,0.006749804,0.015043849,-0.01023341,-0.0079039335,0.0107858945,0.004232283,0.024376187,0.013355795,0.020985477,-0.03752624,0.003479498,-0.008066272,0.0029037197,-0.014332417,0.026336303,-0.0069521964,0.0019244583,-0.0040959064,0.01339113,-0.00040618135,-0.0077247713,-0.014256751,-0.019862056,0.0025319194,-0.0074592344,0.0012394226,0.0055659427,-0.0052898284,-0.0025682007,0.014622419,0.01563042
CD52,-0.1232226,0.08105812,0.2364739,-0.29009435,0.08640822,0.0560279,0.029445514,-0.06503346,-0.0003668273,-0.21286626,-0.2545033,0.1019591,-0.038993903,0.09616797,-0.011009062,-0.042016204,0.038844325,0.0055986564,-0.018560754,0.020201016,0.003586919,0.00043526245,-0.04424907,-0.02057882,0.01568613,-0.043620396,0.014117226,0.04213967,-0.043681573,-0.014708312,-0.046337288,-0.02436988,-0.035585128,-0.0045300373,-0.031788543,-0.017338486,0.019798277,0.03490116,-0.008530318,-0.036999386,0.05253486,-0.020174194,-0.0017124091,-0.035792843,-0.04773439,-0.0063147764,0.016523689,-0.0055438015,0.012050701,0.015867557
CD3,-0.05160593,0.026396316,0.044772465,-0.0154326195,0.0035537935,0.0015748149,0.00035073468,-0.037777282,0.024336232,-0.061883703,-0.034382164,0.0001538114,-0.01649303,0.02514348,-0.030665511,-0.0038095538,-0.005432385,0.009805578,0.003270304,-0.0032580888,-0.0029721672,-0.0072963815,0.008093314,0.0004985164,0.008444064,-0.018078312,0.0024807286,-0.0063815876,0.018963002,-0.008429968,-0.003024252,0.00740144,-0.014653214,-0.00043660094,-0.0032561629,-0.0054820604,0.0057193423,-0.0012331466,0.008522464,-0.008111042,-0.0003163362,-0.004055449,0.0014288283,-0.008609574,-0.0010467338,0.0041648434,0.0042573577,-0.003210491,0.0065758135,0.011377324
CD8,0.019828591,0.0134621905,-0.121528864,0.0030166437,0.009069206,-0.06711786,0.012808366,-0.0028337464,1.639497e-05,-0.10950802,-0.05948643,0.019292532,-0.020431187,0.053840857,-0.04031263,-0.009136481,-0.009811927,-0.014392571,-0.014232335,0.020397864,0.0006328358,0.01233262,0.0056705596,-0.0024978286,-0.021241464,0.024222171,0.011050516,-0.019563861,-0.032414775,0.009027677,0.004122434,-0.009954885,0.0021603,-0.009288411,0.007133704,-0.00026537257,-0.006252132,-0.0075372844,0.0052609076,-0.00064315053,-0.012961139,0.0023185827,-0.0020858543,0.002809971,0.004706252,-0.008626597,-0.0056290273,-0.0069481004,0.013471351,-0.0006347396
CD56,-0.049443517,0.054094143,0.0241716,-0.047419176,0.06617134,-0.058735352,0.027641831,-0.000312187,-0.018180463,-0.107568674,-0.12310808,0.030135157,-0.06276581,0.09293467,-0.06958002,-0.04675436,-0.0035132032,-0.03983193,-0.042371914,-0.016290577,0.051019438,0.009062939,-0.0046269083,0.02603954,0.018211955,-0.0025152722,-0.0022888551,-0.0070669157,-0.013057324,-0.022918625,0.011278191,-0.012638744,0.008324493,0.013875885,-0.0019713566,-0.01349199,0.010648907,0.0065621957,-0.010027727,-0.005162459,0.010446993,-0.010979448,0.0040384866,-0.0011672527,0.014647199,-0.0024970565,0.0061936225,-0.016946174,0.0063311392,0.009776527
CD19,0.0008275696,0.01370186,-0.12570627,-0.0028516562,0.023290101,-0.05296064,0.019395182,0.010156745,-0.006256951,-0.13763459,-0.09328495,0.038754757,-0.00228892,0.045002002,-0.049787376,-0.021252798,-0.024861548,-0.015583802,-0.033941433,0.014547434,-0.019216957,-0.004200835,0.020727335,0.00122347,0.011817212,0.007098082,-0.009152711,0.022658112,-0.037322108,-0.012987136,-0.033138607,-0.0060248687,-0.0073298216,0.023876945,-0.009046412,-0.0035886788,-0.012263429,-0.03876078,-0.016433155,-0.04085236,-0.008726486,0.019688249,0.005450731,0.000481676,-0.011357328,-0.02253387,0.012384394,-0.015056413,0.012006894,-0.011487513
CD33,1.8328927,0.6964866,-0.042638008,1.7443398,1.376804,-0.5449294,0.43325508,-0.8003892,0.12525967,-0.5000227,-0.8929028,0.4380963,-0.13168241,0.024302091,-0.2643971,-0.7607967,-0.18719032,-0.33641154,-0.10061677,-0.1661036,0.015550659,0.13039868,0.118432246,0.38598686,-0.2304259,0.20134388,0.06852503,-0.022905266,-0.15380463,0.104395546,0.16501655,0.13116096,0.05059258,-0.062364303,0.098806776,-0.099891596,-0.04042423,0.04154962,-0.110641986,0.0009940488,0.052642766,-0.04605788,0.11665845,0.054299977,-0.11116328,0.04488503,0.1173601,-0.10301055,0.082118765,0.049035765
CD11c,0.029977342,0.08289126,0.08378744,0.097591445,0.18596913,0.24908742,0.12652259,-0.28378004,0.028881421,-0.117308,-0.3060034,0.27104276,-0.11682551,0.07019442,0.027565893,-0.028151505,-0.11818763,0.1329396,0.03130368,0.07829886,-0.15087534,0.058826346,-0.05545194,-0.06526729,-0.06692912,-0.028913733,-0.0016746417,0.094380535,-0.117275804,0.013365375,-0.095651776,-0.048231035,0.009542749,-0.033862602,-0.03785617,0.0014647336,-0.00980751,0.11743503,-0.013985522,-0.052345816,0.1418971,-0.017258417,-0.04142397,0.029035233,-0.040988494,-0.00076800986,0.048095684,-0.0063497,0.002812974,-0.00550069
HLA-A-B-C,0.25794277,0.49690175,1.2820797,-0.38724568,0.69566095,-0.09704515,0.22817975,-0.15381874,-0.20571461,-0.65544736,-0.70841014,-0.17672478,-0.35187793,0.39140585,-0.10854697,-0.33876058,0.11440886,0.099724315,-0.15740442,0.01867051,0.17877595,-0.03062729,-0.09082767,0.044830874,0.20744133,-0.09541619,-0.26155707,0.14531665,0.010596825,-0.25409532,0.08117513,-0.018085679,0.10942643,-0.09546386,-0.052748214,0.07472725,0.055418484,0.12923488,-0.074166246,-0.1259834,0.091961995,-0.0015540577,-0.16739471,-0.022201482,-0.21271355,-0.054073565,-0.0071701687,-0.0007421727,0.032495435,0.013317043
CD45RA,0.14392847,0.47048518,1.3040379,0.34825936,0.51937187,-0.46260643,0.051263068,0.2018827,-0.40211326,-0.11228836,-0.81093884,-0.33016595,0.0038391268,-0.19221115,-0.20895496,-0.7817105,-0.3726599,-0.15013236,-0.1728232,-0.01226433,-0.09010092,0.110655025,0.0749611,0.018706819,0.14172754,-0.024901524,-0.26218206,0.22009486,0.033610553,-0.18456532,0.16711052,-0.13909622,0.05274715,0.098380715,0.120694734,-0.050306115,0.10702215,0.03709191,-0.072752945,-0.022979468,0.05233494,-0.06321094,-0.047554087,-0.0150167635,0.053667165,0.015416049,0.013441403,-0.0028995653,0.07342079,0.01613217
CD123,-0.33123723,0.4143673,0.893985,-0.9997923,0.54515207,-0.20461123,0.081427775,-0.22590561,-0.24994527,-0.2244168,-0.4128911,-0.03419647,-0.36258855,0.5125282,-0.13857803,-0.14770567,0.20213562,0.15604196,-0.07397713,-0.01837924,0.12662676,-0.055241913,-0.15525143,-0.055454463,0.047001574,-0.11164539,0.0066094925,-0.08138793,-0.069499254,0.04296304,-0.045599923,0.10633827,0.08014624,-0.052647956,0.066807166,-0.029064693,0.006052662,0.030081613,-0.09350354,0.008080626,0.015727457,0.0195839,-0.037361346,0.006317755,0.027755886,-0.03992954,0.05519541,0.046817537,-0.055476688,0.00593994
CD7,0.095677316,0.028146828,-0.124981865,-0.015098023,0.031410683,-0.061741635,0.014254713,-0.03715374,0.006316925,0.035684083,0.04781043,-0.033418257,0.03307973,0.07232908,-0.045297116,-0.08739618,-0.0004891629,0.022345465,-0.01094728,-0.013822514,0.045730915,0.0027784274,0.016640399,-0.019532092,0.01676911,-0.010009135,-0.027963037,-0.0055375127,-0.031361867,-0.01888536,-0.00405976,-0.00040259928,-0.017587705,-0.013130331,0.0065136463,-0.01206651,-0.012817337,-0.00060064584,0.0021018242,0.008603426,0.0016609213,-0.012537762,-0.030671142,-0.02898263,-0.004279362,-0.03417359,-0.00995558,-0.01652222,-0.0067012324,-0.002902364
CD105,-0.02732028,-0.03616272,-0.006902389,-0.10876492,0.06359978,-0.07092539,0.026320452,0.1083774,-0.050368693,-0.12010999,-0.108816564,0.09528133,-0.095705785,0.043428607,0.006226013,0.055913407,0.0655352,0.030306036,0.0054507414,0.01757451,-0.00908237,-0.024773624,0.04115434,-0.02599896,0.042762738,-0.03093015,0.03360737,0.00081409496,0.007820598,-0.0385143,0.0068857237,0.03870919,-0.010074793,0.023805637,0.008652046,-0.026510179,0.0066118543,0.019498443,0.004639438,-0.008408828,0.0033554675,-0.023078995,0.0017101542,-0.0069188,0.008952547,0.011538397,0.0035973105,-0.011051588,0.01077454,0.009763193
CD49f,0.2741226,0.016487684,-0.2553942,-0.4609301,0.3399412,-0.45232677,0.13582233,0.121451505,0.00076745107,-1.0494289,-0.5405709,0.08670016,-0.35370597,0.16164286,-0.18056966,0.007608982,0.12646241,-0.12536848,-0.07935227,0.093423046,0.2880226,-0.11290037,-0.103837386,0.09234415,-0.027325444,0.06690234,-0.050008867,-0.05172956,-0.14765052,0.038355637,-0.018195856,-0.017717045,0.04987627,-0.026539726,0.008461416,-0.11244225,-0.030975217,-0.08262323,0.015745623,-0.037360854,0.014018008,-0.10428308,0.004179181,-0.09239698,0.039711062,0.022377321,-0.07099407,-0.052481882,-0.036705766,0.016244162
CD194,-0.020832954,0.03927572,0.014886967,-0.020436935,-0.0023601106,0.003475222,-0.0033534495,-0.035387956,0.019448776,-0.06039417,-0.016211731,-0.0019065029,-0.02226612,-0.00070077064,-0.033928853,-0.0073616127,0.0016831213,-0.0049046734,-0.0034350262,-0.00044269356,0.01230036,-0.008530577,0.010870638,0.0011300982,0.010083683,-0.01864819,0.010064819,-0.018426089,0.0132021485,-0.0006425627,-0.013593227,0.0029234313,0.018973319,-0.018364437,-0.0048426893,0.013155502,0.0090144975,-0.004104682,-0.0035001948,-0.004745836,0.0048419526,-0.0009959256,-0.002506652,0.005908465,-0.0069353073,-0.00084666046,-0.0068249684,0.0018672438,-5.6259065e-05,0.0059217145
CD4,-0.13589674,0.1315344,-0.025128724,-0.14133193,0.104232825,-0.017484847,0.074995294,-0.023900054,-0.09885637,-0.16218661,-0.20340772,0.07021674,-0.14951354,0.057173684,-0.043124594,-0.0017473295,0.018663157,-0.04507173,-0.057126883,-0.00897054,-0.010280075,0.021226637,0.0633384,0.067566745,-0.008166844,-0.011459821,-0.014488868,-0.025574613,-0.019662447,-0.004343212,-0.003418206,0.011030993,-0.006798097,0.0069995867,0.0058458755,-0.02592226,-0.00076510245,0.043572675,-0.0013242123,-0.013607823,0.025041163,-0.005569155,-0.005952213,-0.006038076,0.005055653,-0.009812233,0.030966707,-0.019974114,0.007820877,-0.0058188974
CD44,0.7213454,0.23955934,1.7807652,-0.8428496,1.0183179,0.016668253,0.22707252,-0.27638215,0.26438192,-0.60731095,-0.25859684,0.37207392,-0.3438079,-0.09818048,0.087456785,0.008157673,0.29660496,0.3069393,0.15021153,0.28719214,-0.59131825,0.12103215,0.36771476,-0.020256076,-0.004896336,-0.21117698,0.29541442,0.21276493,-0.33734202,-0.019149328,-0.18624571,-0.28524008,-0.08796532,-0.17057426,0.11550152,0.017036509,0.13252246,0.13753204,-0.134848,-0.32218862,0.28303447,-0.0473797,0.013199187,0.14912598,0.025389764,-0.058867,-0.012220691,0.0091813505,0.10431038,0.03151928
CD14,-0.02713081,0.016389651,-0.0177281,0.0019713892,0.01635947,-0.019683449,0.011219763,-0.018744938,0.0041151256,-0.08658317,-0.05779891,0.016483124,-0.029292678,0.039321527,-0.024911994,-0.021323891,0.0026706161,-0.004130944,-0.0013168231,0.011121607,-0.014911403,-0.016655304,0.01259503,-0.019049827,0.0034666378,-0.010931319,-0.011057831,-0.0034968157,-0.0021377578,-0.008106328,-0.009117226,0.015764277,-0.00635646,0.012597922,-0.009309055,-0.009775771,-0.011978595,-0.00042637537,0.005497515,0.0047262628,-0.007543924,-0.0007967287,0.0045899637,-0.00850477,0.0065641426,0.0014330493,0.0002518472,-0.0042426796,0.0021787072,0.005564878
CD16,-0.02230317,0.029181438,0.024620308,-0.014745044,0.0020949363,-0.015747758,0.0041452264,-0.027395848,0.019964589,-0.06515131,-0.030415887,0.010781631,-0.016839061,0.026781112,-0.026941378,-0.0029723076,-0.015119381,0.0044538854,0.0014473011,0.0067898463,-0.008257696,-0.0015069549,-0.0003492579,-0.0041129943,0.0027730567,-0.0024757988,-0.012552912,-0.008197225,0.009041753,-0.002792095,0.009123854,0.0011129794,-0.005718108,-0.006491658,0.0008096674,0.0040844143,-0.0015486234,-0.0034480125,-0.0074178716,-0.0042458493,0.00028055548,-0.0022920575,0.0043173516,0.0038267232,-0.0016835657,-0.0049413578,0.0072687333,0.00095619884,0.0054804576,0.00495372
CD25,-0.08884473,0.051438347,0.0917812,-0.005243351,0.024026843,0.021489954,0.010276309,-0.038561136,0.006698961,-0.060943924,-0.041041646,0.0102156885,-0.014537286,0.017534062,-0.031086676,-0.0051204087,-0.016765451,-0.01001796,0.0015379561,-0.020107688,-0.00205781,-0.0062030526,0.0043933885,0.004066486,0.022642205,-0.036596708,-0.0064427527,0.0074054883,0.014405787,-0.013751224,0.0058321166,0.0030263725,-0.006323106,0.0021031888,-0.006106721,-0.007098024,0.011535762,0.0043817735,-0.0035791758,-0.007978288,0.015089452,0.0043670502,0.008884862,0.0051115146,-0.0019568934,-0.007483503,0.007664314,-0.0064026294,0.0090018865,0.008161657
CD45RO,-0.057592195,0.035362486,-0.12138626,-0.06211062,0.039526295,-0.026481131,0.044046994,-0.07425514,0.049638893,-0.19739158,-0.1652869,0.107634895,-0.043891516,0.109443575,-0.031661175,0.03291474,-0.003953867,0.028264401,-0.020634387,0.016337309,0.01255378,-0.019388622,0.012700539,0.005685175,-0.01917111,-0.012161112,-0.008549348,9.264742e-05,-0.002273228,0.015881851,-0.01225615,-0.009382897,0.0029980335,0.0034537937,0.0015181123,0.01625842,0.006693421,0.0102772545,-0.005659557,-0.014544551,-0.024119182,-0.015841173,-0.009583552,0.0003951095,0.002490266,-0.009027945,-0.012322183,-0.0055001676,0.0007104323,0.012510069
CD279,-0.043685045,-0.013373021,-0.061477486,-0.001096446,0.080588035,-0.082909584,0.022279596,-0.02667604,0.026389727,-0.17964931,-0.09474132,0.027483854,-0.042599827,0.06348793,-0.0541682,-0.01736067,-0.012219116,-0.0075410353,-0.024863724,-0.0052434783,0.015118941,-0.013107328,0.014538347,-0.0012678183,0.008354434,-0.004937544,0.009159378,0.012865957,-0.003646019,-0.008260158,-0.010600237,0.00507998,-0.018924892,0.02863168,-0.017486108,-0.0040966836,0.00033077094,0.015602348,0.011066717,-0.0069436748,-0.005947503,-0.004367098,0.0062722214,-0.0011967695,0.004177021,-0.0007964592,0.0033348906,-0.008933992,0.01605851,0.005015418
TIGIT,-0.015866712,-0.008358822,-0.08428811,-0.008322617,0.06395898,-0.091810666,0.017345693,-0.028895393,0.015980162,-0.14881101,-0.09877637,0.028303066,-0.040893048,0.05569855,-0.04847531,0.0040403088,-0.027143665,0.009359759,-0.035496254,-0.0063258805,0.017173206,-0.0018447498,0.00013402513,0.013903784,-0.0105310185,0.00074498524,0.0033405018,-0.021340977,-0.02037292,-0.012851887,-0.008971531,-0.010096938,0.007055719,-0.009818711,-0.008172882,-0.0028037303,-0.009998239,0.0032338053,-0.014107229,-0.014629946,0.0019622708,-0.016982984,-0.015253416,0.0023325174,-0.0037527771,-0.0063082674,-0.012634077,-0.010469465,-0.001172687,0.003348153
Mouse-IgG1,0.010053884,0.008684111,-0.12653099,0.0013311458,0.03057972,-0.08272381,0.014675425,-0.003503224,0.0101503935,-0.1489779,-0.0678019,0.015545702,-0.022669857,0.05668061,-0.048714355,-0.006162857,-0.010166138,-0.0034031235,-0.01789589,0.015536307,0.0046894685,0.0019438115,0.0007028898,0.009174625,-0.004953883,0.018448746,0.014669338,-0.012251185,-0.035589956,0.0063213445,0.00090019096,-0.0067176777,-3.9003484e-05,-0.0037402473,-0.01129105,-0.0002437963,-0.009038794,-0.0076534026,-0.009125947,-0.005105878,-0.0236515,-0.016896201,-0.004603002,-0.0070929355,0.00031122973,-0.008024536,-0.0088496525,-0.0072380076,-0.002235965,0.007339908
Mouse-IgG2a,-0.026734795,0.03065649,-0.013944808,-0.01606435,0.032564487,-0.046035998,0.009190517,-0.032911275,0.019813975,-0.13044283,-0.06343392,0.01601112,-0.029050859,0.062953815,-0.05258107,-0.017546982,-0.000687863,-0.0026740467,-0.0071141287,0.007915439,0.007373614,-0.014796866,0.004541108,0.0036907,0.0040853913,-0.0040240064,0.0008258144,-0.005887059,0.012044534,-0.004859674,-0.00014454266,-0.0020646914,-0.0117638195,0.0043387194,0.0029217775,-0.0051945862,0.011545213,0.0011940307,0.0030782255,-0.008963689,-0.00823668,-0.0048571564,0.000973009,-0.0018549957,-0.004959045,0.0020455448,0.001593999,0.0029286076,0.0065843742,0.009239767
Mouse-IgG2b,-0.023660602,0.031094838,-0.011627661,-0.0018781243,0.027501417,-0.031706356,0.011032647,-0.036011275,0.0229588,-0.11917578,-0.058874007,0.012380512,-0.027835762,0.043893088,-0.043426752,-0.012183285,-0.00090518576,-0.0042299572,-0.007988683,0.0020037,0.0032789086,-0.015349617,0.009049454,-0.003938791,-0.00199598,-0.007829797,0.007156967,-0.0037508807,0.004385858,-0.0028709488,-0.0036328929,-0.0022467137,-0.010824988,0.0012246543,0.002935249,-0.0061365627,0.0037229683,0.006768258,0.0011910859,-0.0026391533,-0.0042802747,0.0011577043,-0.0010689044,-0.0055898502,0.0016246191,-0.00037671963,0.00255248,0.008750997,0.010940481,0.010459447
Rat-IgG2b,0.0050974777,0.03440532,-0.02278548,-0.021001576,0.018407965,-0.04502832,0.009116082,-0.03248373,0.019543495,-0.109292746,-0.061982334,0.014253287,-0.029167285,0.03889981,-0.038062118,-0.0009066112,-0.018186584,0.0025950829,-0.0028972046,0.005395924,-0.006256426,0.008535529,0.0042716,0.0052564447,-0.013019887,0.0073272674,-0.009893604,-0.013477032,-0.020501014,0.0020660744,-0.008267048,-0.0025384342,0.013189049,-0.01736393,0.0027491301,-0.0038478472,0.002769547,-0.00059806753,-0.010186983,-0.004503763,-0.011134008,-0.013664859,-0.016757365,0.0010629058,-0.014228793,-0.005316555,-0.00675748,-0.001902128,0.0029133498,0.0016276564
CD20,-0.06570748,0.0035847682,0.022241818,0.001282751,0.04024457,-0.016730865,0.012867958,-0.020529179,0.025929766,-0.10478329,-0.052338306,0.018132688,-0.020164274,0.036823526,-0.034340847,-0.011210297,-0.0076923394,0.0007211104,-0.00077874947,-0.0045466335,-0.013538239,-0.023394013,0.018929997,-0.0047950135,0.02559231,-0.013065216,0.004078456,0.020034447,0.022695644,-0.01585637,-0.008475805,0.00790383,-0.01745256,0.031981394,-0.017376801,-0.0009989513,0.017116161,-0.0043609138,0.021499813,-0.02271904,0.0036147125,0.0070122015,0.011585156,-0.008249891,-0.007831771,-0.0017980427,0.0143350875,-0.0031399175,0.019248847,0.004908124
CD335,0.09522889,-0.019020192,-0.27907088,0.009978879,0.050714463,-0.141314,0.0358811,0.008358379,0.0022329194,-0.23104472,-0.12506835,0.04702043,-0.03544778,0.094754815,-0.052777115,-0.03608182,-0.0027172123,-0.022338748,-0.03658051,0.017085899,0.011687922,0.007113777,-0.012928595,0.00907536,-0.013449604,0.031022364,0.018507823,0.011568331,-0.056346346,0.003609796,-0.013007346,-0.009394376,-0.0058368426,0.0070682676,-0.0017655195,0.0047886055,-0.0057463814,0.014506625,-0.00295644,-0.004731038,-0.01573463,-0.015931956,-0.007933543,-0.007910573,0.0055217766,-0.0014820108,0.010972723,-0.005730923,0.00949662,0.011501784
CD31,0.28262508,0.94141805,2.4701312,-1.3401005,1.6051226,-0.25655213,0.4003655,-0.71742773,0.28146788,-1.30167,-0.5805904,-0.11335135,-0.49992508,0.2987842,-0.2605503,-0.6764284,0.23015323,-0.17148346,-0.08472872,-0.45551375,0.55876315,0.086866364,-0.1783292,0.21731223,0.10551203,-0.31216124,-0.4476271,0.06983435,-0.18790369,-0.19369245,-0.10037471,0.02540681,0.08332038,-0.19075778,-2.9005945e-05,-0.18007718,-0.11177918,0.30679193,-0.10616617,0.032131746,0.23048668,-0.18400256,-0.1483147,-0.16788669,-0.14378938,-0.019270813,-0.02158809,-0.09018209,0.1207104,0.023398932
Podoplanin,0.053804338,-0.0029395144,-0.24211107,0.003905057,0.05182172,-0.13716266,0.038312085,-0.0032811381,0.006461178,-0.2337226,-0.13929327,0.046568092,-0.050875723,0.09267929,-0.06475174,-0.023044692,-0.01115503,-0.007678003,-0.03518061,0.02530044,0.0077625755,0.0065593505,-0.0020338797,0.010500749,-0.00954934,0.018339768,0.020652296,-0.0021435486,-0.04733596,-0.0018860564,-0.011132082,-0.012957525,-0.009312642,0.001499218,-0.015494517,-0.008531535,-0.01175637,-0.0010736438,-0.011588185,-0.0074075474,-0.007694012,-0.009898378,-0.016999174,0.0026100716,0.008315678,-0.0017495943,0.0017865716,-0.014759439,0.004842812,0.004533834
CD146,0.015546052,0.021545243,-0.049033705,-0.07203323,0.043978732,-0.051134918,0.01965514,0.028251747,0.0011238422,-0.08764209,-0.04941295,0.03922616,-0.037582874,0.06890433,-0.03279606,0.014721596,0.035147946,-0.016905962,-0.010704691,0.015905349,0.0038780966,0.009156574,-0.0040362375,0.0018488087,0.0013414175,0.03925954,0.007764708,0.011689533,-0.028154315,-0.019350989,-0.022744335,-0.01773971,-0.0021429476,-0.0039704805,-0.008397673,-0.004220066,-0.024554493,-8.580162e-05,-0.00023150093,-0.0125872465,-0.013280847,0.007368351,-0.0020862024,-0.013174494,-0.009662389,-0.00728515,-0.005856908,-0.0075934995,0.0023523546,0.007457786
IgM,0.004134311,0.0111378655,-0.055625807,0.028460136,0.0084083155,-0.022938706,0.0088116145,0.007590518,-0.0038511322,-0.05816798,-0.02293754,0.030840212,-0.034694504,0.039282378,-0.03852895,-0.023596374,-0.011073106,-0.017647851,-0.011671506,0.012559937,-0.008053692,0.0049418123,0.00043284183,0.001623742,0.008190673,0.0149706155,0.010279394,0.027315915,-0.014482894,-0.0038834603,-0.012927624,0.017836336,-0.008608034,0.027440999,-0.0155587625,0.0036078764,-0.00814593,-0.0020841735,0.0011119851,-0.0059373067,-0.0019938254,0.00059839454,0.011551507,-0.010897751,-0.004371296,0.0005154017,0.014106686,-0.014605246,0.021240855,0.010412857
CD5,0.01842304,-0.00017115833,-0.163873,-0.0032032828,0.03231361,-0.11271207,0.013601402,-0.000251217,-0.0038395552,-0.15933372,-0.09459658,0.0228736,-0.017354457,0.08322135,-0.047129314,-0.01303347,-0.0040537408,-0.009982191,-0.023999952,0.020022025,-0.008196176,0.0032113073,-0.0012266528,0.012556799,-0.00536646,0.017206794,0.0064103757,0.00053848454,-0.029831467,0.0065804715,-0.013647028,-0.0034638299,-0.007663159,-0.0038963857,-0.015581647,-0.015119899,-0.008965826,0.0012193965,-0.0016672522,-0.004696529,-0.019566499,-0.002306546,0.007007729,-0.0022207126,0.0020386,-0.011191055,-0.0045458064,-0.01889672,0.0012334415,-0.00045409767
CD195,-0.011431677,0.034186404,-0.10017196,0.031074913,0.030238854,-0.027110662,0.027282564,-0.020872852,-0.015586685,-0.12196174,-0.12327855,0.035868943,-0.07591501,0.028126609,-0.031276487,-0.04255702,-0.021660522,0.01203445,-0.0053480365,0.016930424,-0.07922663,0.010932274,0.043410666,-0.019100135,-0.0060938266,0.009185858,-0.042012382,-0.009064841,-0.02999954,-0.028114934,-0.01915097,0.03167237,-0.0036973022,0.019176222,-0.030286493,-0.019834153,-0.02913341,0.02343823,-0.0044121877,-0.010004411,-0.008725749,-0.01938639,-0.012269587,-0.012051379,-0.013517397,-0.008072522,-0.0066086384,-0.0035031242,0.009274469,0.0003469898
CD32,0.766472,0.15755671,-2.6649795,0.89269644,0.4003216,0.3056643,0.42491552,-0.65211266,-0.34627676,0.1189982,-0.8161398,0.55095214,-0.8263469,0.159308,0.026727067,-0.33428636,-0.059141237,-0.1854296,-0.23194005,0.0913953,0.184398,-0.25173688,-0.35187548,0.016442182,-0.3443847,0.010919277,-0.33880824,0.067555346,0.12461561,0.2444305,-0.5010773,0.39299986,0.15333652,-0.2139209,-0.2055318,0.04710589,0.04269742,0.1478012,-0.05015483,-0.13152073,0.12182465,0.087936394,-0.14879993,0.007994821,-0.12195775,-0.09730836,0.040873867,0.02643011,0.00309692,-0.01980237
CD196,-0.09208748,0.051731914,0.10869803,0.0076111592,0.020383378,0.030514041,-0.0038306296,-0.050325353,0.025610749,-0.04280291,-0.034568377,0.0053252354,-0.03119151,0.0005856177,-0.021412425,-0.0135803195,-0.018335689,0.014425597,0.012011556,-0.012469297,-0.048380006,-0.013976106,0.043436605,-0.012536704,0.01831748,-0.028806578,-0.025499668,-0.008816409,0.028113963,-0.02765445,-0.0008054482,0.030722018,-0.0059487205,0.008007262,-0.022996953,-0.0025605762,-0.00452226,0.0139623135,0.012449496,-0.007390811,0.021063423,-0.0070900815,0.005161526,0.0017329209,-0.0022256908,-0.006031073,0.0050875535,-0.00860921,0.0004992516,-0.00096004835
CD185,-0.04384011,0.008616194,-0.018950911,0.0033224544,0.06970298,-0.053936243,0.017597487,-0.028195808,0.023121802,-0.14841798,-0.0772013,0.017249685,-0.041665114,0.055302214,-0.04960109,-0.018489309,-0.004528666,-0.007310335,-0.022171699,-0.0029389418,0.0025306977,-0.015585593,0.015084376,-0.004161039,0.007476248,-0.01886098,0.0032270967,-8.4068066e-05,0.00745682,-0.008189976,-0.014166001,0.014628161,-0.016041964,0.014135302,-0.015000509,-0.010580305,0.002433929,0.0071355724,0.010540425,-0.008657613,0.0015573617,0.0015294624,0.0024141436,-0.0068587116,0.0027326064,0.007270911,0.0037469359,-0.0026798814,0.01214125,0.0067379265
CD103,0.14866893,-0.008339322,-0.36622185,0.052952588,0.050031375,-0.20336905,0.04024365,0.037987366,-0.012782294,-0.26840478,-0.18180008,0.05806471,-0.011383152,0.07220704,-0.077367485,-0.062493704,-0.051605467,-0.025467437,-0.034230623,0.049000587,-0.034538534,0.043009747,-0.008362628,0.025154764,-0.023930492,0.093543805,-0.01477703,0.0015774727,-0.119989224,0.014622533,-0.0016849795,-0.004534069,0.021352835,0.0062487684,-0.0023476693,0.00041538995,-0.02133421,0.0045577674,-0.025696436,0.00074853766,-0.03471535,-0.012953559,-0.003418066,-0.009231205,0.0026611504,-0.016695162,-0.00652058,-0.0014201541,0.005746949,-0.008343162
CD69,-0.047142442,0.06850233,0.1067907,-0.10806891,0.12616919,0.092082255,0.044505235,-0.11679891,0.009767854,-0.1522734,-0.16428424,0.046124235,-0.09422968,0.04386034,-0.051780593,-0.03902776,-0.023116589,0.0033391821,-0.010843258,0.022549089,0.026808083,-0.01632134,-0.05793457,-0.0186355,0.026850466,-0.03258646,-0.021971779,0.032786276,-0.028075904,-0.043323047,-0.0069895033,0.0043261545,-0.0092175,0.0034620026,-0.025070133,-0.011806798,0.019306937,0.0009015223,-0.03670937,-0.08323682,0.050562873,-0.002939689,0.023373717,-0.01355322,-0.03404332,-0.011549505,0.0041782698,-0.015650708,0.0077818367,0.023334382
CD62L,-0.4215424,0.8359838,3.230489,-0.97359246,0.5661159,-0.21082097,0.15476942,0.31287336,0.04789799,-0.093582705,-0.41579497,0.3637355,0.2367717,0.1946897,0.38585174,-0.18619367,0.3640161,0.12275505,-0.11740198,-0.3619871,0.56184834,-0.10995808,0.09904171,0.17456777,-0.16585208,-0.038474247,-0.31334886,0.28172013,-0.15558335,0.1198942,-0.113999665,-0.23189235,0.13954559,-0.024221731,0.33474004,0.10356244,0.2155912,0.10498302,-0.01965427,-0.19419788,-0.15440302,-0.07052823,-0.06565846,0.07719897,0.099267684,0.12397687,-0.04562428,0.030286025,0.045491163,-0.011406571
CD161,-0.026880268,0.008473432,-0.038391713,-0.0020413303,0.029829923,-0.04427176,0.01002692,-0.023613805,0.015808376,-0.10433609,-0.061381094,0.01663098,-0.024219813,0.04881519,-0.026379857,-0.0069745914,-0.003771299,-0.006421087,-0.013177849,0.007056095,0.0020219786,-0.013869777,-0.00067355274,-0.0037713156,0.0051583378,-0.0046910555,0.0053828205,-0.0010322575,0.0019447689,-0.0046428023,-0.002690319,-0.0053051035,-0.010890604,0.021445163,-0.0021957897,-0.008492194,-0.0020811579,0.0024533616,0.0071843215,-0.0046465183,-0.007124679,-0.004494559,0.008964057,-0.0126703335,0.009485086,3.4486096e-05,0.0027883998,-0.00021500321,0.0031631705,0.0018542656
CD152,0.020775389,-0.017957771,-0.19388436,0.0016415662,0.0660099,-0.13542238,0.026708746,-0.0099766115,0.014698161,-0.208529,-0.09599874,0.022695834,-0.029763767,0.08848342,-0.062692925,-0.030147592,-0.00021623888,-0.01687823,-0.034298923,0.0122895185,0.01912011,-0.008493699,-0.0015189211,0.008111101,0.002434129,0.019973805,0.018734833,0.012072143,-0.019785486,0.0067585097,-0.007767705,0.007360359,-0.022790661,0.029565983,-0.008798768,-0.0066882484,-0.004357525,0.015858568,0.00921691,-0.009222164,-0.02235372,-0.010391622,-0.0069186725,-0.0067366576,0.009439229,0.007415351,-0.0006470222,-0.012053742,0.016444739,0.0043992074
CD223,-0.0646852,0.019040605,-0.071214415,-0.07660005,0.055363856,-0.029964985,0.025582066,-0.021756528,-0.012437767,-0.14280367,-0.07746677,0.071055084,-0.0591708,0.036780767,-0.047375996,0.04018942,0.014279047,-0.0295574,-0.007879238,0.010081913,0.0008622497,-0.00853474,0.006948874,0.03584842,0.007139524,0.010411074,-0.0014633843,0.005733428,-0.035305753,0.009944749,-0.0134459445,-0.004402562,-0.0050266786,0.02775785,-0.004383151,0.0036242928,0.0040887482,0.0035027235,0.00044044215,-0.0021222741,0.007404697,-0.016723296,-0.0031349077,-0.0026831783,0.00073074095,-0.006031322,-0.017078428,-0.012238648,-0.003960166,0.020325506
KLRG1,0.08365674,0.000891422,-0.1369414,-0.2868347,0.2162033,-0.096606605,0.022638729,-0.33012944,0.33127066,-0.6546238,-0.21910302,0.056944117,-0.31649274,0.20768455,-0.21315263,-0.07072761,-0.08363297,-0.0026008335,0.12209417,0.011392309,-0.06280708,0.028326737,0.002794442,0.011174001,0.0055584363,-0.011132179,0.11058266,-0.0751617,0.088859394,-0.066933215,0.09009195,0.007933539,0.012787559,-0.012820857,0.018364754,0.007024307,0.010788363,0.03507082,-0.039945193,-0.025884902,0.017809551,0.006589642,0.01549939,0.061082963,0.03997206,-0.018491542,0.00808705,-0.0011507574,0.020214632,0.020938689
CD27,-0.04138377,0.02547712,0.02704747,-0.0050705546,-0.00061450445,0.009122035,0.0032332982,-0.021537889,0.011437163,-0.045357067,-0.021040332,0.0076200143,-0.006608883,0.015237362,-0.030257076,-0.018797768,-0.009533075,-0.00038290082,5.0860013e-05,-0.004475023,-0.011303817,9.894671e-05,0.006233305,0.0057723266,-0.0002933473,-0.011116844,-0.0045923684,0.009596601,0.004799934,-0.0046712765,-0.003012695,0.0014752876,-0.01005254,0.0008355723,-0.0052599018,-0.0065840557,-0.0034903183,-0.011457447,0.00097533327,-0.021708706,-0.0049345437,0.008717658,0.006335372,7.1636405e-06,-0.011794347,-0.013363945,0.009690224,-0.0058154804,0.0013046794,-0.0034353726
CD107a,0.28560752,-0.109672606,-0.21921535,-0.105253495,0.1338299,-0.16889133,0.06569418,-0.04357748,0.031187784,-0.42124566,-0.24995974,0.07426351,-0.14229746,0.12822364,-0.06356237,-0.010006745,0.005704298,-0.07424412,-0.061071157,0.09709089,0.04814733,-0.013350507,-0.036196817,-0.014562217,-0.004490128,0.12414113,0.04926473,0.016419915,-0.10397337,-0.014037009,-0.018182214,-0.008628219,0.0488983,-0.0012477069,-0.031430468,-0.0013395551,-0.017662436,0.009918111,-0.027648792,-0.0015100694,-0.04005953,-0.03298212,-0.01298796,-0.023563994,-0.007953785,-0.015459094,-0.028543973,-0.003801794,-0.014424654,0.024543533
CD95,0.0405475,0.2603407,0.33213213,0.04281613,0.28539053,-0.18327004,0.0788022,0.092408456,-0.13974917,-0.28187564,-0.30735654,-0.045316324,-0.14876214,0.023341214,-0.026953615,-0.119804755,0.017309036,-0.03780494,-0.010509649,-0.020540075,0.056019917,-0.033219326,0.0010083227,0.026049739,0.027553132,-0.032630064,-0.0238426,0.04543643,-0.0058746594,-0.022680104,0.023421329,0.011335424,0.007978386,0.022668138,0.041110355,0.0010825237,0.028577985,-0.0011805813,0.0024354388,-0.025693463,0.011595672,-0.03251799,0.0026687586,-0.022800118,-0.0055833585,0.023341415,0.016703557,-0.0013915821,0.0010802734,0.021947537
CD134,0.0033763025,0.017856862,-0.10077284,-0.008767869,0.04938435,-0.081915475,0.02684142,-0.027751662,0.0028494608,-0.15645593,-0.116079435,0.020030206,-0.03614428,0.060716663,-0.049045116,-0.011391818,-0.00896169,-0.0032343331,-0.030639285,0.012623403,0.01678601,-0.0031227095,-0.0045112562,0.0071988045,-0.008421103,-0.002937636,0.011820487,-0.006605613,-0.029144354,-0.00053566135,-0.012299178,-0.0140606845,-0.0013163785,-0.011548172,-0.0015347736,-0.0071549406,-0.00404115,0.007407557,-0.0023582233,-0.013630218,-0.0015926879,-0.0030671395,-0.0047280355,-0.005382047,-0.006245809,-0.013578904,-0.008238494,-0.00749835,-0.0018136438,0.005735525
HLA-DR,0.4322044,0.0916445,0.67624396,-0.7715232,0.5962348,-0.32777908,0.06767798,-0.14112477,0.2907669,-0.8772074,-0.48689064,0.20707898,-0.30458432,0.43422106,-0.32297355,-0.21304098,0.18073213,-0.0061077215,-0.069517076,0.03961766,0.0461414,-0.059053387,0.19254856,0.13679999,0.00046422446,0.06156737,-0.040316153,-0.027959391,-0.12775113,0.024091696,-0.073073305,-0.024289446,-0.020036638,-0.057586007,0.14585568,-0.009718881,-0.004010723,0.11820699,0.037721638,-0.08539414,-0.1357332,0.015455225,-0.0044233818,0.047776014,0.13517587,-0.06229419,0.055085953,-0.09006624,0.053718105,-0.04496395
CD1c,-0.030819086,0.014908106,-0.023917973,-0.002642933,0.018083854,0.009784629,0.011504873,-0.01902458,-0.005930968,-0.072187155,-0.08424218,0.043856233,-0.029607367,0.009948821,-0.035579033,-0.051691532,-0.032703966,0.005769291,-0.015104504,0.008337614,-0.06557215,0.0067871083,0.031271424,-0.020270849,0.019610098,0.0058043823,-0.033144664,0.01837345,-0.03621482,-0.03249646,-0.033585522,0.027181664,-0.0007051567,0.025922196,-0.017819202,-0.02243527,-0.012370392,-0.015530549,-0.014367641,-0.05973159,-0.0082113985,0.0060041896,0.022889838,-0.017037733,-0.012379104,-0.018996276,0.02950253,-0.028504465,0.017138202,-0.0014860426
CD11b,-0.0043297783,0.024489198,-0.054965615,0.0069427444,0.02767983,-0.030193597,0.012256475,-0.013145565,-0.0036086354,-0.09715359,-0.07585633,0.030882314,-0.02172278,0.04443575,-0.028229808,-0.008024374,-0.0019702632,0.0075446367,-0.007333639,0.0050393357,-0.009181353,0.0007047104,-0.014370562,-0.005863599,0.0002031663,0.0063746427,-0.0005126014,-0.0025169638,-0.022206007,-0.0043680794,-0.010623117,-0.004573505,-0.008882094,-0.0028854196,-0.0008300968,-0.0014816365,0.007757929,0.008216952,-0.0026421212,-0.0114187915,-0.0038185925,-0.008495151,-0.00075795705,0.0018503006,-0.003257526,-0.0031010075,0.008013489,-0.007147234,0.001138821,0.008465732
CD64,-0.008996958,0.10096418,0.05833621,0.16208604,0.040826663,0.050804157,0.038430903,-0.0062897163,-0.03873231,-0.09842621,-0.09560792,0.009527183,-0.1447461,-0.04626271,0.00015586137,-0.038897414,-0.04260265,-0.000540776,0.011811905,0.003495702,-0.12964983,0.057061497,0.057734564,-0.003406786,0.017326137,0.02349594,-0.01684495,-0.0063285464,-0.0045935344,-0.04835292,-0.0120736165,0.03616705,0.0073035643,0.019266132,-0.018770622,-0.03679079,-0.053106993,0.03515399,0.0091835745,0.0134142665,-0.013704866,-0.00962278,-0.029555818,-0.029208878,-0.046968408,0.00867985,0.0016648709,-0.0006500411,0.006944925,-0.008830022
CD141,-0.013313791,-0.018016139,-0.12579602,0.018414075,0.13495247,-0.12228131,0.03446303,-0.036558542,-0.01246087,-0.20092341,-0.18673588,0.031241367,-0.096676946,0.054936286,-0.052073263,-0.049456444,-0.026166912,0.017170306,-0.03679474,0.014847066,-0.06625195,-0.00039802698,0.058369435,-0.006509164,0.008415243,0.010930513,-0.03744217,-0.0024255044,-0.02376958,-0.033716157,-0.025771795,0.033168957,-0.013445856,0.040520545,-0.03163214,-0.03078857,-0.039511967,0.035959896,0.010274338,-0.012352014,-0.011429635,-0.012257201,-0.0058452473,-0.01843203,-0.00031159213,-0.00836842,-0.0012785445,-0.0080220215,0.0104224915,-0.00171675
CD1d,0.044446547,-0.018156286,-0.22207822,0.013744962,0.07150196,-0.14448959,0.034502715,0.0064158947,0.0007997523,-0.2207516,-0.12862256,0.029663604,-0.04538963,0.08500264,-0.059221085,-0.03779556,-0.014909382,-0.019231293,-0.037656784,0.012079274,0.008085677,0.0011823552,0.005932879,0.01623489,-0.0035486785,0.031664316,0.021720508,0.012115287,-0.037909105,0.007126309,-0.007602329,-0.010683381,-0.008557439,0.02284348,-0.008398174,-0.0050308174,-0.008920201,0.010918735,0.0005003823,-0.005521763,-0.026120255,-0.017538538,0.0028150778,-0.004967026,0.006357155,-0.0007063114,-0.0040821857,-0.008044575,0.011119808,0.011524067
CD314,-0.008770552,-0.0012000336,-0.11985417,0.00033210916,0.0698203,-0.103585236,0.020327868,-0.016158717,0.014718922,-0.18462524,-0.09807596,0.021177093,-0.040812902,0.07549185,-0.0539336,-0.028738113,-0.003231113,-0.0048334384,-0.029745072,0.0089788595,0.014497249,-0.009765297,0.014433685,0.006453795,0.0007299404,0.004338212,0.007615826,0.0024519693,-0.012099299,0.0017568907,-0.013134867,0.00025432737,-0.017534181,0.018516209,-0.010033988,-0.007954884,-0.010113293,0.006536153,0.009708881,-0.005713416,-0.010007113,-0.0067684306,-0.001623131,-0.0051654894,0.008722096,0.004468289,-0.002234744,-0.0077595143,0.005642242,0.0033412953
CD35,-0.04101431,0.07026546,0.012235075,0.097511165,0.048957188,0.10597764,0.054600593,-0.08947482,0.002620148,-0.032811377,-0.13223611,0.12335419,-0.007765898,0.045865078,0.020446891,0.037193205,-0.0031620201,0.02113465,0.018026827,0.006154577,-0.0012764263,-0.037776127,-0.029477144,-0.024933942,-0.026635813,-0.04945104,-0.016820727,0.019566668,0.063358694,-0.003257832,-0.028770955,0.012988411,0.029799944,0.00057550217,-0.0024396467,0.006128126,0.013250957,0.012748852,-0.0119768055,-0.008241823,-0.0011936466,0.03941808,-0.0040388876,0.008383055,-0.016029056,-0.042973932,0.018622568,-0.009636418,0.007590485,0.013569947
CD57,0.08835489,-0.0071803886,-0.26223242,0.0013754151,0.030934088,-0.14044476,0.029904608,0.0040518153,0.008841076,-0.20272458,-0.09720347,0.025579222,-0.018624442,0.08549308,-0.066255644,-0.033418737,-0.00401762,-0.027961738,-0.034248054,0.022474153,-0.0065359413,0.0071845287,-0.004897978,0.005262136,-0.008835271,0.043507364,0.02405487,0.006777357,-0.06065194,0.012630442,-0.0063387067,-0.014496822,-0.0033140797,0.0067293323,-0.009063641,0.0026034224,0.00045589686,0.0053744726,-0.0055324957,-0.0011184755,-0.019417305,-0.012913053,-0.0045264135,0.001847258,0.0016116033,0.0012443338,-0.010197293,-0.007933761,0.0050103427,0.0056757163
CD272,0.18141323,-0.023784123,-0.4890052,0.009371819,0.03807412,-0.24877624,0.052481517,0.049936242,-0.023086874,-0.27980325,-0.16665044,0.063139394,-0.016908139,0.11628977,-0.08148382,-0.05193776,-0.0059325662,-0.03863626,-0.061403066,0.038357116,0.0048925853,0.044561666,-0.023002712,0.02608784,-0.028295482,0.096164845,0.02776665,-0.006139593,-0.118708625,0.02526237,-0.015620306,-0.01585482,0.01981182,0.0024688141,-0.003402797,0.0041291136,-0.016408307,-0.0073746927,-0.018454334,-0.003022749,-0.043317873,-0.025890185,-0.0029509398,-0.008258616,-0.013473325,-0.022211226,-0.008260606,-0.009115733,-0.0011204173,0.0032553878
CD278,0.09052858,-0.031081203,-0.21213797,-0.05173393,0.090300925,-0.1495815,0.01737839,-0.040642153,0.03633828,-0.21760842,-0.06591668,0.01871607,-0.050504506,0.0985661,-0.069321826,-0.05899571,0.009320033,-0.01615283,-0.0076882164,-0.005545753,0.008887683,-0.019206213,0.0032326113,-0.009264065,0.00047159893,0.010220663,0.02924929,-0.015610118,-0.023059284,-7.038551e-05,-0.008819448,0.02185523,-0.010494868,6.711517e-05,-0.004398264,-0.01398778,-0.010269316,-0.0031505348,0.004734262,-0.0035122475,-0.025011348,-0.011765608,-0.0013619468,-0.0005654106,0.00489205,0.0033556046,-0.00037159593,-0.0013758575,0.009345843,-0.0017082279
CD58,0.37078506,0.07886895,-0.2934153,-0.03844841,0.31960568,-0.33107808,0.10086416,0.09310705,-0.075877324,-0.5783718,-0.44993886,0.14117143,-0.27759093,0.13782349,-0.10467239,-0.088341594,-0.039350484,-0.011429105,0.010316726,0.05471073,0.037770804,-0.022729445,-0.047849704,0.03626041,-0.03298878,0.026622467,-0.041266512,-0.0019049514,-0.106313996,-0.015063691,-0.0096720755,-0.009806905,0.06874924,-0.019526139,0.0064285654,0.01295769,0.0049512037,0.020122128,-0.027184337,-0.052055474,-0.017738095,-0.03356788,-0.020897377,-0.00035579465,-0.04233169,-0.024866996,0.002215352,-0.01458155,0.0069989213,0.0137892105
CD39,-0.065005034,0.07272495,0.049059212,0.058706123,0.038183466,0.07917552,0.025240555,-0.075878285,0.001931101,-0.054416336,-0.10655006,0.08739949,-0.053628348,0.019202728,-0.013538713,-0.024756838,-0.025596142,0.023546593,0.0032068284,-0.01385104,-0.05921192,-0.009562111,0.05225966,-0.0285443,0.009353856,-0.020740062,-0.054400004,0.0036318367,0.023498947,-0.036993995,-0.031007703,0.04788233,-0.010996724,0.022210239,-0.030127473,-0.016370248,-0.01722481,0.023805011,-0.003482921,-0.03193366,0.0026944904,0.017941521,0.0052522556,-0.0041791885,-0.017437773,-0.030425308,0.017671024,-0.0096801575,0.022292284,-0.008346916
CX3CR1,-0.06747916,-0.016169034,-0.010623788,0.005954754,0.10407182,-0.070766054,0.014873102,-0.041472692,0.031100405,-0.15399139,-0.09179695,0.02702878,-0.053055093,0.067348175,-0.04817784,-0.0104471315,-0.0047534215,0.009893533,-0.02401215,-0.0064002466,0.014108076,-0.016009688,0.025237279,0.0069885324,0.009689986,-0.029318722,0.011848887,0.009251678,0.007881554,-0.014407185,-0.007032562,0.0064319205,-0.021029146,0.026195468,-0.017004482,-0.002883179,-0.0014947262,0.020951493,0.010379007,-0.008512098,0.0038120304,-0.009397934,0.0015130137,-0.0046132104,0.005365724,0.0053408463,0.0033354207,-0.005946094,0.010895383,0.005916907
CD24,-0.08286338,-0.016942713,0.008036739,0.0007657902,0.093087204,-0.06165406,0.011805207,-0.04140576,0.027450856,-0.14373834,-0.08214097,0.01990932,-0.04553596,0.06017987,-0.049621504,-0.0036786601,-0.017950738,0.009625769,-0.024127468,-0.016317196,0.0103286,-0.02073674,0.025173286,0.0056140074,0.013336075,-0.029654907,0.009078191,0.009256713,0.01586506,-0.015008214,-0.010108015,0.004933436,-0.017978458,0.024974382,-0.013676879,-0.004669953,-0.00010733814,0.01696924,0.012943868,-0.012681724,0.0017576704,-0.0024824499,0.00063882454,-0.0007931121,0.0062503363,0.0009475404,0.003977808,-0.009337256,0.0137269925,0.0004717156
CD21,-0.0019322794,0.02089457,-0.061773945,-0.0052749794,0.011237005,-0.04532804,0.020616995,0.0059096543,-0.00017501356,-0.109483615,-0.076222815,0.033900846,-0.011921601,0.055306297,-0.059017725,-0.010735271,-0.008960443,-0.005585144,-0.009646216,0.01725849,-0.0075008273,0.0027453112,0.00071401667,-0.0009922262,0.00031049162,-0.0025484955,0.00044273812,0.001361255,-0.017557899,-0.0039656665,0.004310917,-0.0028780054,-0.0034049076,0.004919315,-0.0043776734,0.0059479647,-0.004297166,-0.012618637,-0.009694678,-0.024967613,0.004473807,-0.0014250145,0.0022401495,-0.0064981547,0.0040356214,-0.0056373943,0.0019785315,-0.014542238,0.012219579,3.251739e-05
CD11a,0.0021552877,1.1389136,2.3424308,-0.7778357,1.2587286,-0.54245186,0.34636617,0.12857139,-0.689573,0.101163626,-2.007465,0.01048691,0.41573706,0.391386,-0.12343897,-1.5069218,-0.110346176,-0.118328944,-0.4524908,-0.37850884,0.0667662,0.36791074,0.013842268,0.0035808876,0.093769506,-0.33511424,-0.32401422,0.18419532,-0.24726331,-0.28812954,-0.1870593,-0.15811925,-0.0500365,-0.11287159,0.0743795,-0.209509,-0.029589823,0.44503605,-0.13635327,-0.05099216,0.08930374,-0.08557261,-0.14852309,-0.16489281,-0.15961984,-0.056261305,0.038533967,-0.027057389,0.092955954,0.039841127
CD79b,-0.07500324,0.029620852,0.07684587,0.012449609,0.048633587,-0.010846203,0.008607092,-0.048680265,0.027226435,-0.10132788,-0.035063203,0.014682786,-0.038438085,0.03628881,-0.03450599,-0.00801596,-0.002260103,0.00083843345,0.0016468568,-0.0126676615,0.002880634,-0.01596372,0.033176098,0.00053446525,0.01834926,-0.03856013,0.012522255,0.014968749,0.034179427,-0.015512285,0.0043284665,0.015729658,-0.015795888,0.016824098,-0.014436017,-0.002662941,0.0057113087,0.012409717,0.0116277095,-0.0013260258,0.016199814,-0.00035246086,0.0079725105,-0.0020235244,-0.0027837928,0.009135437,0.007881686,-0.0031496962,0.015326568,0.011796362
CD244,0.5103221,0.29974988,1.5908713,-0.9293399,1.0314852,-0.37412032,0.12552533,-0.3705472,0.7444285,-1.2683158,-0.12657775,0.3963357,0.54513586,1.0042359,-0.25302482,0.024156053,0.23723215,0.14634392,0.026021788,-0.03378795,0.098016575,0.3880997,-0.19591561,-0.026222792,0.33564806,0.019155521,-0.047743853,0.07453695,-0.4069547,-0.20155767,-0.06996041,0.16388153,0.004203289,-0.15728451,-0.11147764,-0.104552455,-0.10846802,0.19896369,-0.17260672,0.08509937,0.12581156,-0.32706243,-0.050779764,-0.14273813,-0.14110503,-0.13880177,-0.042326096,-0.08606562,0.015352388,0.0783132
CD169,0.017768394,0.01499107,-0.105385,-0.013104897,0.028711185,-0.06322439,0.021049757,-0.0028767874,0.0029820795,-0.12652908,-0.0831515,0.036443118,-0.035011847,0.046813514,-0.031741947,-0.0075695603,0.0012336854,0.0003029836,-0.016520254,0.013975075,-0.002664714,-0.0010482894,-0.0038871395,-0.007391165,0.0009341466,0.010682872,0.010692169,-0.0027931083,-0.02937036,0.0015484184,-0.013301844,-0.0027112868,-0.013835066,-0.0023025128,-0.00095687556,-0.004332764,-0.001990539,0.0034796586,0.0013424555,-0.0052359537,-0.0002755648,-0.006432394,-0.006150702,-0.0009882903,-0.0018889172,-0.0031620332,-0.0003883924,-0.0016352243,0.007085266,0.0002807022
integrinB7,0.29367003,0.17990048,-0.2766997,0.11628676,0.11459678,-0.31262395,0.0791523,0.3086108,-0.20562866,0.030408956,-0.5538893,0.3512941,0.1251621,0.12154403,-0.008489653,-0.33791173,-0.09591883,0.07105497,-0.05475994,0.014910537,-0.20144188,0.10582191,0.19061963,-0.033242214,0.0113060335,-0.032991596,-0.20198596,0.01352786,-0.07908529,-0.06030331,-0.13957705,0.04982136,-0.050719246,0.0042335507,0.073231116,0.001906646,-0.003311788,0.1323027,-0.034651108,-0.009824578,-0.031471364,-0.07129669,-0.004132666,-0.061026875,-0.009021637,-0.091597974,-0.019964023,-0.0372883,0.051388014,0.014529154
CD268,-0.017298048,0.024792284,-0.010264354,-0.0016622159,0.004850375,-0.011170905,0.0075304657,-0.014460045,-0.0045627677,-0.08277687,-0.056735463,0.019032115,-0.017618569,0.02208664,-0.033212222,-0.014356493,-0.014677995,-0.0014346711,0.0010050618,0.010424159,-0.009290272,-0.00639,0.0037557667,0.0028325533,0.008000725,-0.01236983,-0.0058656232,0.0073318863,-0.018610377,-0.015465819,-0.0012013593,0.0005116237,-0.0029366193,0.013667695,-0.019511476,0.0005561325,-0.0047002514,-0.01426492,-0.008799972,-0.023203656,-0.004098851,0.0027215783,0.003810027,-0.0014369575,-0.007558993,-0.0140462145,0.010446893,-0.018939659,0.009440111,-0.0033968955
CD42b,-0.013560118,0.032349244,-0.0041974364,-0.017552942,0.0194094,0.0043820734,0.017272774,-0.048905768,0.00457327,-0.09769631,-0.049352475,-0.0031912846,-0.0822483,0.0041059908,-0.026945677,-0.014184937,-0.007388827,0.0018783623,0.024115864,-0.0001716318,0.046533808,-0.047574375,-0.028457467,-0.02201742,0.009197867,-0.049446795,-0.038667146,0.00020731267,0.023088364,-0.021549068,0.00014929149,0.026939604,-0.004569043,0.009113927,-0.019700287,-0.016620237,0.00661584,-0.014003351,0.0010632145,-0.025517043,0.046271387,-0.026195865,-0.018512066,-0.018606614,-0.016741123,0.013774145,-0.005777485,-0.002244711,0.008177233,-0.0018001366
CD54,-0.4322101,0.32834175,0.63937086,-0.9193181,0.39588422,0.52042216,0.24176897,-0.3125449,-0.32371494,-0.13031392,-0.48151207,0.35840568,-0.35285962,0.14106931,0.02368509,0.14017002,0.16436955,0.23416263,-0.084429085,0.38415644,-0.5576114,0.09495244,0.2064676,-0.022595923,0.09447177,0.028455935,-0.1597446,0.19642387,-0.22204953,-0.05458486,-0.1759865,0.10771648,0.051672623,0.02506103,0.082024984,-0.058547944,-0.022067124,0.02293856,-0.031214057,-0.057491243,0.16032186,-0.09245256,0.0713631,-0.09398341,-0.065635435,-0.06613284,0.01782124,-0.021411033,-0.03071713,0.026186604
CD62P,-0.045798913,0.037426546,0.009432776,-0.058932923,0.014785565,0.076851815,0.009061511,-0.09311649,0.034193084,-0.080924734,0.01346291,-0.07957818,-0.13992545,-0.050352126,-0.021617152,0.0075781145,-0.024972377,0.013143935,0.07733999,-0.011953793,0.0762995,-0.09506909,-0.04475092,-0.047735695,0.019281395,-0.10416978,-0.07096189,-0.016220992,0.09574795,-0.041234195,0.017931977,0.035835426,0.020401904,-0.008469781,-0.015792497,-0.010622403,2.2946326e-06,-0.04368796,-0.002955386,-0.031117167,0.08125386,-0.003239606,-0.010313628,-0.024334371,0.006022131,0.018053751,-0.030599,-0.0011497162,0.013051749,0.0015781859
CD119,0.11308159,0.030850329,0.019633444,0.005604454,0.17763941,-0.081833325,0.028524624,-0.08507735,0.055858072,-0.32698053,-0.18452899,0.06708331,-0.13602184,0.06263345,-0.0925137,-0.07936162,-0.033771574,-0.012213244,-0.005370906,0.010043196,0.00461441,-0.0034691193,0.01704584,0.026308423,-0.0023898361,-0.026872093,-0.010081311,-0.024942758,0.015234406,-0.021479677,0.0019169985,0.010674572,0.0010852201,0.0013121784,0.001291037,-0.0073337834,0.0032530075,0.0069595687,-0.0071293404,-0.01818513,0.0020770351,-0.002596564,-0.011250235,0.006408888,-0.019969244,-0.015006487,-2.9910618e-05,-0.0069140815,0.0067631905,0.004624116
TCR,0.021307528,0.00931241,-0.1522322,0.0015856271,0.047705885,-0.09520579,0.018535735,-0.007256124,0.0029095334,-0.1780928,-0.09095408,0.029333672,-0.03730914,0.07307502,-0.049935576,-0.028200207,-0.0037609166,-0.014133396,-0.02136919,0.021236658,0.013057274,-0.0056164265,-0.003949689,0.005212774,-0.0003485493,0.01595463,0.012240213,-0.0016726014,-0.027797947,0.0031772994,-0.0035918383,-0.006220796,-0.007339429,-0.0038375065,-0.004175841,-0.0018590302,0.0031679173,0.006458799,0.003669973,-0.006589084,-0.007893333,-0.0044302945,0.0035792894,-0.01227851,0.0032955967,-0.0020713503,-0.0025090736,-0.0043273447,0.0026088129,0.007348281
Rat-IgG1,-0.0556628,0.041164514,0.050745595,-0.021299839,0.00827644,0.0090785315,0.00075528864,-0.039091658,0.02315145,-0.07284606,-0.036869664,0.0075892326,-0.01917149,0.03245995,-0.030472763,0.0025381884,-0.00906981,0.006953097,0.0054847733,-0.0009384678,0.0024781849,-0.0142599,0.010656432,-0.0016103726,0.0005714584,-0.01668306,0.007132773,-0.013387662,0.021660289,0.0011703032,0.007522876,-0.00064970204,-0.007570452,-0.00089406525,-0.0006836906,0.0023036993,-0.006232607,-0.007504785,0.0037613858,-0.0034014855,0.0028382414,-0.0030967207,0.0033641336,-0.0028822229,0.006443058,-0.001878485,-0.0040761866,-0.0058664614,-0.001194022,0.0038251977
Rat-IgG2a,-0.061159544,0.049033917,0.05919192,-0.011461025,0.0068101455,-0.0074326852,0.0029808579,-0.04355703,0.034953773,-0.089051835,-0.03999263,0.0075061633,-0.01955661,0.038826138,-0.049139544,-0.011103899,-0.012452995,-0.00228895,0.009348292,-0.0035139513,0.0047071134,-0.020885823,0.0057951366,0.0064918553,0.00027930384,-0.030395065,-0.0018741771,-0.018419625,0.024337826,-0.0016784713,0.003023149,-0.0003367738,-0.0055755214,-0.008715968,0.0005886487,0.0028830818,0.007997348,0.0017933655,0.0050431136,-0.003640637,0.005871758,0.0018893535,-0.0012514701,-0.002081733,0.0011429895,-0.0009849218,-0.006573333,0.0012717674,-0.004590828,0.0024415276
CD192,-0.0008083775,0.013886385,-0.11852266,0.009647,0.088183954,-0.08446652,0.041675996,-0.034442276,-0.0082528675,-0.18097106,-0.14692175,0.035838634,-0.07581401,0.05769688,-0.050963942,-0.049906917,-0.011715909,0.0010996896,-0.02144407,0.021789623,-0.058584314,-0.0133179845,0.03753222,-0.007900518,0.0029949907,0.005575388,-0.018703358,0.002688257,-0.005447768,-0.020252943,-0.019762643,0.022202661,-0.014057291,0.034854967,-0.01067697,-0.016743002,-0.022474822,0.022299493,0.015096914,-0.007170345,-0.021249441,-0.0024109855,-0.0048572565,-0.015592859,-0.010586679,0.0045764665,0.0032068556,-0.00634423,0.0033191345,0.0008664955
CD122,-0.051510032,0.03274986,-0.0005119669,-0.0020108211,0.0429404,-0.03321936,0.014869607,-0.043020923,0.017214393,-0.11420521,-0.07001157,0.012749063,-0.029180625,0.04557774,-0.039600886,-0.009262994,-0.0028192226,0.0024052707,-0.0061636195,0.0008373704,0.0015092702,-0.013585151,0.013195599,-0.005676288,0.005462868,-0.020603772,0.0129293315,0.00030836655,0.0036582982,-0.0022862246,-0.0022283746,-0.0045839148,-0.015690317,0.0036899,-0.004892038,-0.0064571705,0.005318164,0.0010103193,0.0035975336,-0.020448225,0.0053040725,0.004927784,0.005468279,-0.0010920633,0.004267917,-0.0009526823,0.011111472,-0.0069944803,0.006605159,0.003252104
FceRIa,0.2673291,-0.04828492,-0.8097354,0.11423895,0.114582464,-0.1737813,0.12171042,-0.12137955,0.029621424,-0.32066318,-0.34177983,0.14623539,-0.05539431,0.13863735,-0.054989304,-0.08286532,-0.067126624,-0.03209242,-0.024822747,0.03563937,0.043869134,0.021289103,-0.1220331,-0.0047018137,-0.13026106,0.016550304,0.11679477,0.014929417,-0.0805409,0.05663802,-0.07233915,-0.07150223,-0.0024599591,-0.04409238,-0.028190924,0.039325755,0.034582965,0.055288922,-0.021963522,-0.035053678,0.031282697,0.018399294,-0.032821678,0.030348457,-0.009991189,-0.0013855243,-0.0050709527,-0.012762787,0.0068094553,0.0031671606
CD41,0.62418395,-0.3487143,-2.8035996,-0.3313228,-0.20645392,-0.22571789,0.08591848,0.0444022,-0.4135544,-0.5463873,-0.13934714,-0.9335077,-1.2597723,-0.87546825,0.009869504,-0.35584295,-0.15970637,-0.20071486,0.27051392,-0.17931256,0.7738025,-0.75372225,-0.6387443,-0.071797155,-0.19441336,-0.39693838,-0.69296104,-0.043631647,0.307182,0.10212476,-0.33782372,0.32344383,0.18031715,-0.14166182,-0.0741987,0.1285506,0.15937543,-0.029989813,0.10077299,-0.16090739,0.33370364,0.046475694,-0.09123629,0.042824946,-0.035366867,0.087450825,-0.021447835,-0.04924256,0.048509486,-0.052971207
CD137,0.08723321,-0.03090607,-0.28086418,-0.012793323,0.07494641,-0.17854251,0.044233117,0.020080397,0.0045881253,-0.2481185,-0.1463684,0.055779956,-0.037229937,0.09665328,-0.054376107,-0.039747767,-0.009769112,-0.02978181,-0.051748488,0.020155672,0.0120784,0.01461006,-0.0045397547,0.015879467,-0.020557469,0.056439914,0.016274562,0.02036104,-0.07525684,0.0040789647,-0.012604536,-0.0084027955,0.003604937,0.008213647,-0.00851662,0.0030402956,-0.0024185802,0.01040993,-0.009166923,-0.0054116687,-0.028414337,-0.023137085,-0.009638298,-0.010187453,-0.00028691976,-0.006885956,-0.007580417,-0.011372898,0.005789272,0.009234485
CD163,-0.06093241,-0.002214005,-0.006420415,0.001108032,0.057150297,-0.048961926,0.0098137,-0.037358854,0.027789881,-0.1354708,-0.06251789,0.013050253,-0.037650846,0.058486957,-0.049595054,-0.013615485,0.0006832086,-0.002217705,-0.013233419,0.00013977544,0.0069336444,-0.017254846,0.015346194,0.0014123478,0.012635091,-0.010470723,0.008447984,0.010297037,0.01625622,-0.001962363,-0.0041926554,0.0056277076,-0.024241138,0.022552611,-0.0031739562,-0.005786871,0.0021340938,0.0082679605,0.0159335,-0.010862324,-0.005116407,-0.005856076,0.010836186,-0.0009899449,0.007485537,0.009450733,0.009770388,-0.0050440375,0.013149004,0.006246357
CD83,-0.026736991,-0.012933156,-0.08000813,0.009690717,0.10375254,-0.094005786,0.031638745,-0.044878267,0.020126255,-0.20162831,-0.115416914,0.029841606,-0.055341113,0.086060695,-0.061028782,-0.027333114,-0.0022671444,0.0032499076,-0.027502017,0.0029549568,0.012618851,-0.023828143,0.017340748,0.00058221683,0.006119866,-0.01130209,0.010250953,0.020308135,0.0043078936,-0.0055198334,-0.016586773,0.0075592156,-0.024878813,0.033810798,-0.021088429,-0.007787339,-0.0028220664,0.018682506,0.013832299,-0.014704465,-0.0016976316,-0.0016456227,0.0064522163,-0.009393915,0.00895669,0.0068099154,0.0022605183,-0.005842427,0.01614121,0.0053345333
CD124,0.08287651,-0.025531977,-0.26481664,-0.044727154,0.07073156,-0.12073558,0.044987496,-0.0242438,-0.024805838,-0.21966499,-0.115106046,0.006800356,-0.07920608,0.067892045,-0.042020362,-0.049297605,0.002725908,-0.013101698,-0.033505,0.011610482,0.030845225,-0.023426272,-0.015782489,0.0052659344,-0.007133482,0.017313508,0.0007465289,0.01387419,-0.050317794,0.0020036856,-0.011136841,0.011250521,0.0055167344,0.02691423,0.0012630763,0.0077601233,-0.009975676,-0.0011631502,0.006137883,-0.013752465,-0.015704855,-0.016385835,-0.0012739556,-0.010749757,0.009666943,0.0028536408,0.0028995126,-0.0058281114,0.012438747,0.012408653
CD13,0.084328294,0.1948456,0.9232971,-0.42518455,0.46065658,-0.2585733,0.08590999,-0.16092922,0.05564441,-0.8067736,-0.34773794,0.12330015,-0.40935662,0.464676,-0.34094062,-0.2691191,-0.10745345,0.123002335,0.06570045,-0.021038618,-0.05588908,-0.022666361,0.012092282,-0.081967115,0.03582755,-0.12440272,-0.040580474,-0.011657261,-0.09008937,-0.024244517,-0.08660826,0.019156786,-0.040086407,-0.041494347,-0.001308825,-0.059942104,-0.019394113,0.05990434,0.013228734,0.018334903,0.014791293,-0.022571787,-0.010444215,-0.044013705,-0.0468526,-0.03610717,-0.022292223,-0.010644483,-0.015374415,-0.022436006
CD2,0.06402043,-0.01078895,-0.14822698,-0.0069240476,0.020582033,-0.043118272,-0.006720897,-0.0021957827,-0.03605532,-0.066478014,-0.11854691,0.08674209,-0.10712274,-0.026634144,-0.033294506,-0.072434865,-0.073375374,-0.017161813,-0.016522486,-0.009550261,-0.050772794,0.015123103,0.024028307,0.0049063545,-0.022599595,0.021247586,-0.07860066,-0.0094546005,-0.03738516,0.006933073,-0.06127468,0.07182393,0.052177843,-0.027905382,-0.046411905,0.030765865,0.00079908397,0.027228802,0.01791202,-0.0040596924,0.0014541361,-0.012241853,-0.0015323495,-0.027583549,-0.030815111,-0.008591232,0.0074707996,-0.024648016,-0.0019243747,-0.005040414
CD226,0.052900802,0.0014284599,-0.23656382,-0.004587211,0.050419055,-0.113956295,0.026213892,-0.011398569,0.0041028573,-0.2053791,-0.12761624,0.038298883,-0.051366724,0.078435816,-0.05859374,-0.03523327,-0.018190816,-0.010061555,-0.018491425,0.016119387,0.013301071,0.0021194676,-0.0133206975,-0.006070627,-0.018252023,0.01944355,-0.0058560357,-0.009351132,-0.0506754,0.0040539126,-0.015872752,-0.0021875491,-0.002164908,-0.015305293,-0.005346352,-0.007927041,-0.020160027,-0.0064079817,-0.006584115,-0.018231869,0.0038799632,-0.010224696,-0.010739572,-0.008628478,-0.0041960636,0.002716404,-0.006792798,-0.012749612,0.0066011725,0.0038127808
CD29,0.65681046,0.3533375,0.17038888,-0.20919876,0.7396238,-0.30630663,0.353669,0.06956807,0.12081985,-1.2982761,-0.7526697,0.450786,-0.7417735,0.20899248,-0.17746542,-0.13304156,0.08712053,-0.039853774,0.074005485,-0.0312735,0.21367598,-0.030458543,0.0022442804,0.17940402,-0.00951516,-0.1204171,-0.00840674,-0.04452104,0.031960014,-0.07336557,-0.0012294285,0.046035696,0.08402721,-0.09710737,0.0327107,0.014419156,0.00079551846,0.048528194,-0.03285912,-0.046934806,0.073081434,-0.04556168,-0.06943382,-0.047648586,-0.09934291,-0.022641229,-0.051440373,-0.04676195,0.0025714375,0.030482268
CD303,-0.03537207,-0.002824475,-0.028450862,-0.015069973,0.05164531,-0.05463341,0.018120741,-0.024540626,0.020384915,-0.14762166,-0.0739166,0.028990066,-0.028493218,0.052660957,-0.046074685,-0.01773555,-0.0076254252,0.004972246,-0.013260021,0.0027595356,0.015234026,-0.008034322,0.0068683308,-0.005312053,0.012455982,-0.0067999894,-0.00082969584,0.007483773,0.004679635,-0.0059358394,-0.0031737585,0.0034828037,-0.015756788,0.01245273,-0.0038871334,-0.007650815,0.0006279467,0.008419128,0.014561203,-0.008585528,-0.006603765,-0.0068493485,0.00787951,0.0053492757,-0.0022002612,0.01076145,0.004099002,-0.0052479296,0.012173603,0.0074210684
CD49b,-0.35288212,0.07607063,1.6081975,-2.1651952,0.6779413,0.11700629,0.14810462,0.1569896,-0.15460485,-0.8184281,-0.69430166,0.1399472,-0.99792963,-0.008281369,-0.07040852,0.13444091,0.31647393,-0.002595241,0.0339324,0.22282512,0.35134643,-0.3107271,-0.2201295,0.10889254,-0.102123834,-0.15189825,-0.052013688,0.16662471,0.048259456,0.13425957,-0.059998587,-0.17692865,0.16151237,-0.18551715,0.005000088,-0.009681498,0.0013987761,-0.05915728,0.0037348326,-0.02037928,0.1506439,-0.07162869,-0.0362922,-0.13034724,-0.080093004,0.06033452,-0.061167248,0.0053558415,0.0054031075,0.04804752
CD81,0.36009645,0.10744944,0.7564755,-0.27150267,0.41834307,-0.041656025,0.23870097,-0.1530101,0.17900723,-0.8719527,-0.4524326,0.35713616,-0.49336326,0.26502156,-0.19142926,-0.058144573,0.031169606,-0.05063768,-0.07386305,0.06741235,0.13802235,0.013657094,0.06682049,0.057070345,0.040231414,-0.0034245232,-0.065162085,0.004795718,0.069982335,-0.08513763,0.09316442,0.0044828136,0.02074441,-0.07100721,-0.018867182,-0.011053639,-0.009165793,-0.02864568,-0.034126498,-0.09683845,-0.03453066,-0.013629629,-0.09037469,-0.05720338,-0.08813749,-0.024789762,-0.060645763,0.008395536,-0.010128521,0.03638187
IgD,-0.023196926,0.013203635,0.015403542,-0.0027128549,6.473251e-05,-0.0002735916,-0.00030463823,-0.0055588447,-0.00021448791,-0.03514527,-0.02467162,0.017138476,-0.014430034,0.009583632,-0.031912707,-0.011882002,-0.004837851,-0.0077896942,-0.0060021714,-0.00060718495,-0.011248026,-0.0026245655,0.007253904,-0.008924428,0.002071183,-0.000101960184,-0.012571261,0.010542706,0.0047384063,-0.01005719,-0.01183258,0.008828677,-0.0056099915,0.019485774,-0.0021811984,-0.00060099555,0.00760055,-0.01804804,0.0006393799,-0.0062216404,-0.0019343152,0.010044161,0.016125793,0.0013715227,-0.008037329,-0.0046233768,0.0011894038,-0.011745256,0.007953298,-0.00035929502
CD18,0.14744778,0.55119985,0.8810177,-0.32554516,0.5687026,-0.12846804,0.21262409,0.07173633,-0.22974673,-0.030797413,-0.9139718,0.023114247,0.22781458,0.034444436,0.08463322,-0.6361821,0.025632048,-0.06304121,-0.19341116,-0.14606386,-0.09421901,0.1400815,0.13726301,0.013758859,-0.009957382,-0.1717787,-0.16963197,0.11070342,-0.13163559,-0.07021845,-0.17361073,-0.09369844,-0.029762957,-0.103893444,0.053158797,-0.14170653,0.019323466,0.24566564,-0.05541526,-0.03207779,0.058698203,-0.06931926,-0.049037028,-0.09930026,-0.042727195,-0.023113474,0.052668743,-0.028764872,0.060626086,-0.0035908849
CD28,0.06506153,-0.025224017,-0.24463016,0.0057480773,0.044973377,-0.14544062,0.030774929,0.010125391,0.0011549157,-0.19371086,-0.10024774,0.039982162,-0.029182041,0.0830351,-0.054296255,-0.028297354,-0.007949704,-0.029187972,-0.035050757,0.02132055,0.010765821,0.014018318,-0.009137629,0.021749996,-0.002215503,0.046641115,0.012616596,0.0038152926,-0.062622,0.016049473,-0.006413635,-0.010464824,0.0016471564,0.010522816,-0.0076939273,-0.00036614918,-0.0038478558,-0.00016215885,-0.00650026,0.003833815,-0.017468551,-0.009219796,-0.0044864514,-0.0065948633,-0.00071481103,-0.0012580864,0.0018464638,-0.0038678346,0.007570849,0.0074988664
CD38,0.6047158,0.3372393,-0.1539695,1.2915465,0.2418873,-0.051040422,0.23350208,0.0067345034,0.26119867,-0.8846945,0.2079116,0.32964984,0.22226422,0.31040728,0.011873433,0.22639371,-0.014289827,0.020645846,0.0046229823,-0.07867584,0.1936146,0.24574523,-0.16860366,0.09818719,0.199003,0.11596059,-0.2970297,0.09328997,-0.28527358,-0.19793022,-0.014699695,0.07184284,0.09926993,0.0736868,0.107056536,0.07706883,-0.017854672,0.08615784,-0.027939504,-0.034262568,0.033889066,-0.11444142,-0.039117172,-0.064750805,-0.11524232,-0.080091864,-0.02585267,-0.032442603,-0.025620574,0.022964828
CD127,0.019873155,0.036965225,-0.11859208,0.005115899,0.049460918,-0.07269525,0.030445026,-0.0063425684,-0.013539094,-0.14366724,-0.12561573,0.038811486,-0.05551572,0.043488614,-0.035388853,-0.034970604,-0.011712947,0.0037044776,-0.013709851,0.029735982,-0.040768284,-0.0019040784,0.027373048,-0.005091627,-0.017871274,0.013171972,-0.011581543,-0.010532623,-0.04188679,-0.007982333,-0.02374126,0.008467706,0.0015699464,0.012057668,-0.014096617,-0.0077973274,-0.019161437,0.008021405,-0.002976011,-0.013844719,-0.012866295,-0.006350631,-0.0042538326,-0.009435472,-0.006206784,-0.00944093,0.0010223987,-0.0058209645,0.005247291,0.0057450496
CD45,-0.17421603,0.44868904,0.5873092,-1.3250072,0.91201645,-0.002495492,0.27157515,-0.38241374,0.1000049,-1.0746557,-0.95618165,0.3704301,-0.47729936,0.4131616,-0.08698475,-0.049049467,0.21720974,0.07845523,-0.006692356,0.053280286,-0.0944592,0.07725882,0.040864747,0.08881459,0.06055784,-0.022647496,-0.09571151,0.0021944754,-0.14420284,-0.120029934,-0.04236144,0.11753411,0.1254504,0.0017139695,0.017089687,-0.045435604,-0.014621292,0.11725697,-0.12567678,-0.11273951,0.07949124,-0.04306221,0.032698218,-0.08302892,-0.13671069,-0.042641718,0.005726919,-0.051173966,0.048749633,0.04905254
CD22,-0.15005644,0.08168478,0.152651,-0.25487274,0.06779727,-0.013643414,0.039126724,0.055668846,-0.07547514,-0.08821264,-0.26994246,0.10993694,-0.009114787,0.09597276,-0.07249016,-0.110266834,-0.0008577532,-0.13739185,-0.093479924,-0.10083358,0.12575412,0.08557593,-0.040233098,0.079384975,0.04616224,0.00073287246,-0.08459376,0.02116627,-0.05888634,-0.039467085,-0.003087972,-0.046517532,0.035403397,0.017085811,-0.010751276,-0.055456273,-0.016006887,0.041431256,-0.04431282,-0.004420626,0.02583675,-0.020610776,0.011552222,-0.011739974,-0.0089296,-0.02702021,0.020054925,-0.052117676,0.014594734,-0.0033466944
CD71,1.8264654,-0.9889042,-1.8090237,0.52823895,-0.12859735,-0.73104554,-0.03970095,0.28225964,0.39916664,-0.119627334,0.28717846,0.05793522,0.27101603,0.029424097,0.017215986,-0.28174698,-0.43612912,-0.2661027,0.10504915,-0.072603166,0.13457318,0.427942,-0.4114728,-0.104270056,-0.0009034853,0.4997165,0.023393182,0.1600821,-0.36188108,-0.12072074,0.16154703,-0.07422103,0.23195614,0.1266854,0.005866158,0.15472817,-0.028191134,0.085180975,-0.14550896,0.16514485,-0.07246505,-0.0805345,0.015644783,-0.034088615,-0.0450307,-0.038005754,-0.024290074,0.09637615,-0.01396996,0.060228612
CD26,0.24790655,0.021391867,-0.72195715,0.09320317,0.11193065,-0.20089157,0.12390838,-0.023621282,-0.041069232,-0.24780484,-0.34121665,0.1887643,-0.013975505,0.1954317,-0.053003605,-0.035358805,-0.008493787,-0.026808254,-0.061475087,0.07061394,0.031321056,0.012332795,-0.052520923,0.013948484,-0.121751055,0.078742,0.049790323,-0.015615527,-0.09667141,0.081662245,-0.059425745,-0.051940102,0.042557362,-0.039999362,-0.0063933088,0.013747677,-0.01096053,0.038272675,-0.010707195,0.024234332,-0.07752923,0.0033013916,-0.04669332,0.01437674,-0.014070422,-0.05022735,-0.0052487063,-0.027557207,-0.002242724,-0.0018703577
CD115,0.27875307,-0.06300824,-0.8054911,0.096961215,0.08321989,-0.34910834,0.06930766,0.019721761,-0.037457526,-0.38100484,-0.28813496,0.06197873,-0.07536678,0.1463785,-0.09683393,-0.112990916,-0.0740828,-0.023577023,-0.08933708,0.05867229,-0.10183054,0.097989716,0.061094906,0.0210449,-0.027053159,0.13844633,-0.028333876,-0.035615243,-0.16203664,-0.016517509,-0.017704982,-0.0057671564,0.03292467,0.0078312345,-0.020076597,-0.013544678,-0.072457716,0.031592794,-0.02069598,0.001933198,-0.07201844,-0.030167533,-0.034302272,-0.0066519612,-0.0054628886,-0.03585441,-0.025652073,-0.006415201,-0.0025519817,-0.0056007244
CD63,0.33411726,-0.22929697,-0.18929784,-0.9720678,0.25894108,0.21137114,0.26239637,-0.35994974,0.036715582,-0.56385916,-0.53490514,0.14047003,-0.36797562,0.27546915,0.058080804,0.040653158,0.19797067,0.026480844,-0.120032296,0.16853562,0.087097324,0.030137386,-0.08000153,-0.09421484,0.032299947,0.046727765,0.11458388,0.08537766,0.039434977,-0.15186867,0.050399248,0.07358714,0.09683548,-0.13650139,-0.10002431,0.025121301,-0.016616581,0.07833472,-0.076922245,-0.024601024,0.08238077,-0.04984013,-0.074270286,-0.030931002,-0.04122762,-0.0047807414,-0.055130288,0.034248948,-0.013657377,0.02196598
CD304,0.015160033,0.039488114,-0.15471067,0.049908176,0.09911941,-0.030760298,0.047531057,-0.04384351,-0.06216755,-0.14164983,-0.26226714,0.08814763,-0.13463998,0.01107988,-0.013813402,-0.1094231,-0.06811237,0.048250094,-0.0071565616,0.059266277,-0.20354854,0.024466928,0.09421799,-0.058297627,-0.008277404,0.036435045,-0.0932704,-0.012477834,-0.09166188,-0.044682965,-0.051484406,0.044549346,-0.019999221,0.03375546,-0.04548179,-0.037266072,-0.05637824,0.041241184,0.0072607594,-0.039072983,0.0054726433,-0.015139168,-0.0024385003,-0.010775754,-0.01491383,-0.0064217458,0.0018088755,-0.0032319084,0.0062052277,-0.0007939774
CD36,0.64269143,-0.27543312,-3.787091,0.29418525,-0.49405792,-1.2231361,-0.030951038,1.807707,-1.3501736,0.24106787,-0.7044373,0.24368404,-1.0053637,-0.23595229,0.24450092,-0.123898245,-0.16721344,0.08013643,0.25962237,0.12295001,0.16919965,-0.43701604,-0.45669097,-0.2205323,-0.19033235,0.018303039,-0.82123506,-0.13771941,-0.37882885,0.24962735,-0.8373385,0.74568737,0.11240231,-0.07946024,-0.27326345,0.065143414,0.05295171,-0.015219196,0.098514475,-0.11294117,0.09835403,-0.22504048,0.045493074,-0.33986983,-0.25690418,0.16525453,-0.13650168,-0.09753405,0.04649891,-0.1140216
CD172a,-0.008706868,0.02410534,-0.090325914,0.01654235,0.04085871,-0.026414989,0.01969674,-0.039339636,0.005230802,-0.1064855,-0.10289898,0.048760116,-0.034540147,0.05027349,-0.025485788,-0.023573382,-0.019726014,0.012579193,-0.008321072,0.016870726,-0.040298976,0.0036020423,0.001590646,-0.017858572,-0.016467253,0.008965269,0.0007464889,0.004908915,-0.031098576,0.015361419,-0.023545712,-0.010280189,-0.011279436,-0.0076941517,-0.009629542,-0.0082655,0.00010872232,0.01465788,0.0015319651,-0.009863686,-1.9139929e-05,-0.0026435633,-0.003755013,-0.0028149849,-0.0036171076,-0.0058084964,0.0040159705,-0.0065072584,0.0035011645,-0.00014150796
CD72,-0.34893814,0.48693156,0.60972416,-0.57342213,0.580833,-0.17476103,0.075332865,-0.092340834,-0.32944876,-0.12157389,-0.5225563,-0.07734455,0.0073933033,0.05236356,-0.095387846,-0.17158145,-0.017857596,-0.06443198,-0.021329029,0.0004473424,-0.3384703,0.20111729,0.07006939,-0.07661581,0.15896976,-0.03420208,-0.15169723,-0.02954178,-0.10403943,-0.14884703,-0.060317677,0.23267135,0.016908674,0.027773313,-0.019964168,-0.034228865,-0.060337353,0.07762143,-0.036027327,0.05708141,0.17069042,-0.057119735,0.07999314,-0.012463727,-0.026990676,-0.06197882,0.05197042,0.0077597885,0.049592,0.012119657
CD158,0.3318216,-0.2697675,-0.66459936,-0.2455999,0.12677673,0.043872442,0.23483643,0.08366446,-0.02766813,-0.2543461,-0.48858204,0.5080144,-0.066549905,0.22407855,-0.09025823,0.123388566,-0.039578002,0.082718946,0.022021465,0.16732518,-0.08904231,0.053988215,-0.07683983,-0.17554049,0.0268051,-0.07484445,0.165364,0.08477939,-0.12691377,-0.22512886,0.0069021718,-0.072225146,0.03248068,-0.05736903,-0.0069279154,0.020456513,0.02294209,0.0051227403,-0.052755095,-0.13818833,0.20127846,-0.08565356,-0.058985516,0.012807771,-0.0020945265,0.028121477,0.05200184,0.023480546,-0.003924818,-0.019230613
CD93,0.0046627983,0.051029984,0.05811553,-0.055105004,0.047186673,-0.045549273,0.008411993,-0.024281217,-0.011295738,-0.09605711,-0.10636501,0.0069413288,-0.06575656,0.03586903,-0.031736836,-0.04784335,0.005923567,0.028014118,0.0019901537,0.014904571,-0.08051225,-0.008141447,0.03564691,-0.039960235,0.0056640105,-0.015691373,-0.022314696,-0.030748624,-0.007199676,-0.030518837,-0.009132861,0.006401391,-0.0031560403,-0.008617407,-0.014509905,-0.023169687,-0.018970162,0.022202628,-0.0028449101,-0.0037762923,-0.012356499,-0.005508859,0.005465063,-0.006382817,-0.004703525,-0.0008853462,0.007138791,-0.00925728,0.013419389,0.0031326131
CD49a,-0.0277615,0.0796974,0.05139883,0.042283878,0.037618537,0.057073895,0.025871962,-0.013942958,-0.031955365,-0.10643323,-0.077014655,0.018508794,-0.15415989,-0.03285386,0.0102828555,0.009896863,0.0034185718,0.015424008,0.0043987134,0.025678761,-0.10461792,0.010229174,0.059783813,0.012920926,0.013742494,0.007836411,-0.014176634,0.0008674021,-0.0015399472,-0.024025777,-0.006721596,0.017335,0.0055129533,0.014400412,-0.0019919467,-0.014692152,-0.034251828,0.003933145,0.009989027,-0.012665177,-0.013676948,-0.0009045041,-0.003924282,-0.026243053,-0.012745591,0.0011732057,0.0025244046,-0.009617869,0.0005012034,0.0075019454
CD49d,1.5613943,0.23853563,-0.2648712,0.78745,0.8051613,-0.30706802,0.49502575,0.3394173,0.18569271,-1.1116909,-0.58413094,0.8074178,-0.6942762,-0.18194506,0.10001927,-0.11854778,0.014377141,-0.073687196,0.15988593,-0.09217153,0.09043361,0.164769,0.14302526,0.31480503,-0.09330219,0.03634841,-0.0005380246,-0.024642205,-0.040202208,-0.09445325,0.030478887,0.07201326,0.16727869,-0.084329374,0.10857013,0.11772807,0.08199076,0.10263939,-0.047779292,-0.10318933,0.03301071,-0.0051916116,-0.041824378,0.042059388,-0.078185424,-0.035938974,-0.093213655,-0.047225066,0.055023998,0.07457881
CD73,0.0031526973,0.018200714,-0.11594536,-0.0010322798,0.04067564,-0.0833786,0.018135741,-0.003822393,0.005932225,-0.16451034,-0.08088409,0.022618746,-0.033615254,0.06321277,-0.044222243,-0.018798469,-0.0017748188,-0.0065769525,-0.028553478,0.0019064278,0.0044832784,0.0006632955,0.000110084424,0.010950808,0.0033132327,0.006459238,0.003993547,0.007748243,-0.026025563,-0.0016571503,-0.018622076,-0.0036575978,-0.011404825,0.001357572,0.0019192317,-0.014497356,0.0025607094,-0.004750085,-0.00035295045,-0.006754127,-0.011972934,-0.0014268314,0.0036236532,0.0032357185,0.005417438,-0.0017043242,-0.0001868552,-0.004965473,0.0064406632,-0.0010461617
CD9,-0.38179964,0.01889253,0.19419003,-1.533772,0.39248383,0.38031653,0.105800934,-0.5734705,0.07255581,-1.0546647,-0.7363505,-0.21844342,-0.55102354,-0.5450903,0.2810822,0.10562424,0.19706032,0.3710446,0.33548748,0.12596382,-0.2549765,-0.36963925,-0.079073876,-0.33007923,0.04393999,-0.41756523,-0.17976564,-0.012470987,0.13778493,-0.24013071,-0.23870684,0.28016478,0.04960672,-0.11656936,-0.19891526,0.0635982,-0.07351849,-0.0385373,-0.09258374,-0.1706762,0.50000256,-0.012648995,-0.08233191,-0.028658241,-0.19698793,-0.017285794,-0.12764691,0.097767025,0.08392006,0.072658405
TCRVa7.2,-0.011145742,0.01932338,-0.04270345,-0.0057972227,0.012631006,-0.03556386,0.019063033,-0.008506958,0.011909977,-0.1011116,-0.04954717,0.0069138375,-0.01879809,0.042114362,-0.034808677,-0.011202454,-0.0038443722,-0.00403559,-0.0057428977,0.010719302,0.00268659,-0.0061925733,-0.0068102702,0.000999826,0.0014255585,0.0049351994,-0.0011740612,0.0073301755,-0.008416867,0.01082812,-0.003552629,0.0039021897,-0.005250377,0.005537243,0.00021132972,0.00028936213,-0.004333507,-0.0010445955,0.00030041754,-0.0036455682,-0.009852612,-0.0029953883,0.0028066244,0.0032077974,-0.0049231667,0.0034509867,0.009560597,-0.0044233836,0.008037931,0.011583075
TCRVd2,0.0011963903,0.017385727,-0.046913385,-0.0074777184,-0.0053130006,-0.025459541,0.010257172,-0.012699163,0.006801058,-0.079813376,-0.038447242,0.007587827,-0.012488301,0.03681882,-0.027712768,-0.01528772,-0.0010017011,-0.003445129,-0.0052004145,0.019299189,-0.009609407,0.0031215062,-0.0051250365,0.0047070067,-0.0040088533,0.010704317,-0.0028206685,-0.004424705,-0.0004346962,-0.007598612,-0.0035147665,-0.00047509692,-0.0013984896,0.0014200057,0.0019009111,0.0026428418,0.005562869,0.00210434,-0.0029936344,-0.0039979825,-0.005935749,-0.012772198,-0.0064491504,0.0033248947,0.0023062616,-0.0026477103,0.0067473957,0.00071813876,0.00071883015,0.0023040157
LOX-1,0.03870819,0.011565271,-0.1905735,-0.005255835,0.054363716,-0.12690051,0.020206936,-0.002693103,-0.005721129,-0.20213924,-0.116020456,0.029590536,-0.030348012,0.08666373,-0.0567638,-0.03418453,0.012744212,-0.014219287,-0.037013132,0.027478643,0.0066237184,-0.00150645,0.008028472,0.009568319,-0.0039349673,0.02696047,0.01803617,0.0014965694,-0.04150085,0.0013050812,-0.018153936,-0.008559506,-0.0087269,0.007884187,-0.0022086403,-0.0016190673,-0.007661441,-0.004721385,0.004055665,-0.007968407,-0.016023373,-0.0075261695,-0.0075060097,-0.012553321,0.008944905,0.0012318993,-0.0013573633,-0.008289448,0.0018756922,-0.0015940261
CD158b,0.035850037,0.007862083,-0.16053532,0.0009971523,0.05255377,-0.11552311,0.032207947,0.0039665867,0.012567465,-0.18983208,-0.11670585,0.034956682,-0.03722806,0.07601149,-0.05984201,-0.01881348,-0.0022363868,-0.014351874,-0.021588858,0.015970055,0.0074906433,0.0019210998,-0.0038990765,0.008289582,-0.008021943,0.01724356,0.004056996,-0.010706458,-0.041613005,0.0058443085,-0.0034813208,-0.011122199,-0.001727158,-0.0030970755,-0.007750531,-0.00018510234,-0.0075772055,0.0032539333,-0.00038917598,-0.009972872,-0.020330423,-0.006485078,-0.0051855883,0.00034032628,0.000459133,-0.0028887056,-0.008019403,-0.0071044066,0.0047161803,0.002386887
CD158e1,-0.019707711,0.015152098,-0.03284043,-0.010860627,0.021202492,-0.058322538,0.014520056,-0.023670807,0.011806574,-0.11625915,-0.0564135,0.020509971,-0.027417816,0.05701558,-0.04729897,-0.0017656274,-0.0028137304,0.000897192,-0.0049750716,0.008199063,0.0064662853,-0.013381151,-0.001273514,0.0046071913,-0.004661538,-0.0043120403,0.005285355,-0.0024147665,-0.00030713528,0.006054757,-0.0037965742,-0.010272166,-0.005330597,-0.003549267,0.00036513663,-0.0008341492,-0.0011638068,0.0022153591,-0.0007873741,-0.0028285976,-0.011164383,-0.00032361184,-0.0017034394,0.004293103,-0.0060059973,-0.007889305,-0.00477292,-0.0057091466,-0.0022982575,0.00494123
CD142,0.15019827,0.042280953,-0.13084255,0.21609068,0.16509584,-0.038566735,0.06635577,-0.11139683,0.011988409,-0.15284488,-0.19471392,0.16490589,-0.03458227,0.08836848,-0.041789696,0.020793848,0.008438929,-0.021413695,-0.011437987,0.04093213,0.06948722,-0.06780489,-0.012531741,0.03406321,-0.047037505,-0.003965454,-0.0027230924,-0.00506273,0.06930955,0.024586314,0.034239296,-0.024801776,0.015286533,0.019659275,0.028672421,0.00279966,-0.015138647,-0.0049984013,0.022470986,0.041707415,-0.06586924,0.01997387,-0.021085361,0.0047148257,-0.0214042,-0.02931657,-0.01554248,0.0010680212,0.028030077,-0.012211792
CD319,-0.005719149,0.0135675445,-0.08711288,0.0049823327,0.040137783,-0.07048256,0.017694922,-0.0061973105,0.0049407016,-0.1457585,-0.09153797,0.025684109,-0.037884284,0.052825276,-0.04107293,-0.016117426,-0.009700326,-0.008126378,-0.015994675,0.015377448,-0.003945131,-0.0033667556,0.010870751,0.0025105171,-0.003114006,0.004257548,0.0026724744,-0.001263972,-0.0198952,-0.0058917315,-0.0059328824,0.0033485338,-0.009219221,0.0092769945,-0.01745969,-0.0047015124,-0.0057661976,0.0027312944,-0.008921829,-0.007260327,-0.0043202676,-0.0028718975,-0.0072775255,-0.010120296,-0.0051894137,-0.0060915477,0.0005875257,-0.01470429,0.0008655884,0.0030623602
CD352,-0.029705705,0.023419743,-0.036828622,0.016098646,0.07211554,-0.0056926743,0.026385259,-0.072239056,0.04252264,-0.1228405,-0.055092376,0.014167141,-0.017544722,0.028537218,-0.025431357,-0.019398682,-0.010222027,0.014178428,0.010118039,-0.02676933,0.008863439,-0.021777503,0.0152515685,-0.013812052,0.008887261,-0.046817597,-0.0126032885,0.008585073,0.02114898,-0.021066625,-0.016240336,0.024608513,-0.014959181,0.021192266,-0.014679694,-0.0023202554,0.009229819,-0.0031324076,-0.001364927,-0.035491116,0.010069698,-0.003656737,0.010601434,-0.005116223,-0.003559473,0.0051657488,0.009964615,-0.0065899803,0.020866673,0.012021037
CD94,-0.062681705,-0.018643178,-0.003646484,0.011483979,0.056145992,-0.04273259,0.005922626,-0.033545252,0.019112749,-0.109665476,-0.03866487,-0.00076376164,-0.020053785,0.045210928,-0.031733572,-0.016081305,0.008574616,-0.0056176893,-0.013548199,-0.0027657868,0.008138784,-0.017552704,0.012988605,0.0030714462,0.013100345,-0.014249658,0.013137317,0.018100806,0.023377351,0.0017922247,-0.0054557747,0.006287123,-0.022759117,0.025858516,-0.012515289,-0.0025793656,0.005900554,0.0036155507,0.024693033,-0.0028434752,-0.00048795686,-0.0022336715,0.012530223,-0.0049541434,0.006132685,0.008265116,0.003948782,-0.0036097858,0.016454728,0.011653846
CD162,1.0881146,0.56844395,0.17713168,1.0919698,0.7675569,-0.37139142,0.4828347,-0.1065787,-0.051955998,-0.47238162,-0.1713008,0.5215688,-0.21065296,-0.14773959,0.09174381,-0.2344596,0.0050862385,-0.18512256,0.0033473745,-0.11262815,0.028197886,0.24639237,0.07171384,0.1641063,-0.13719517,0.07126905,0.025099257,0.016045399,-0.120768175,0.0905739,-0.07732168,0.24302714,0.002856142,-0.13445038,0.013564272,-0.018022427,0.075009175,0.10059363,-0.085154,-0.008598385,0.14371629,-0.010043511,-0.046935115,0.00022272562,-0.05187618,0.060317647,0.043933667,0.018098813,0.031783868,-0.0045385966
CD85j,0.1016676,-0.014881138,-0.31537843,-0.0032196704,0.037437882,-0.17529327,0.029570902,0.023301179,-0.017563494,-0.22324333,-0.14647506,0.034370597,-0.031951856,0.0878296,-0.06672576,-0.042091314,-0.024812862,-0.02295476,-0.039403874,0.027752696,0.00022686565,0.030439606,0.0071456763,0.027408767,-0.025586216,0.064702444,-0.0032523798,-0.010173717,-0.08986876,0.0006794582,-0.01150836,-0.019254206,0.012948709,0.005082224,-0.00884395,0.00010933922,-0.012906615,-0.0041887127,-0.025820097,-0.006502857,-0.025265131,-0.023113677,-0.013933973,-0.0003928965,0.0055064927,-0.022076793,-0.008525171,-0.007838638,-0.00049105234,-0.00581905
CD23,-0.084925085,-0.014460381,0.045962054,-3.286658e-05,0.07818274,-0.043283273,0.008855084,-0.044528443,0.03779208,-0.11713539,-0.04903769,0.008517072,-0.040478624,0.050490286,-0.046443965,-0.003251861,-0.006794159,0.008480253,-0.015660549,-0.007831569,0.013098648,-0.02171428,0.022198249,0.00216648,0.017875673,-0.03233071,0.0069448315,0.0143649625,0.027182207,-0.013239205,-0.002635479,0.0078252675,-0.021769272,0.025412701,-0.016448371,-0.0005922407,0.0053323847,0.014201428,0.010982976,-0.0041321255,0.008654132,-0.00678978,0.009644983,-0.00011078898,0.0061106794,0.009163753,-0.0019352778,-0.0022807203,0.016506827,0.00808119
CD328,-0.043745212,0.06906969,-0.016522167,0.080819674,0.08327773,0.12262947,0.03789589,-0.06818011,-0.07713563,0.014707719,-0.23578233,0.082159206,-0.16482924,-0.08723613,0.029558895,-0.117811084,-0.0966509,0.07962144,0.01695161,0.022222897,-0.3372013,0.034359187,0.17691709,-0.087361686,0.0018130611,0.027621754,-0.19156064,-0.028849287,-0.041580945,-0.09906764,-0.07566533,0.13746303,0.026784088,0.038727418,-0.05667026,-0.07558342,-0.12840447,0.08106621,0.030538613,0.004891933,0.0036928626,-0.01294577,-0.019718165,-0.029793393,-0.028895851,-0.0127344355,0.03501363,-0.0031678134,-0.0018363724,-0.013668973
HLA-E,0.040995196,-0.014162931,-0.081580214,-0.07301831,0.08297022,-0.050652355,0.026212856,-0.045103468,0.020781148,-0.22863868,-0.1431807,0.04484271,-0.07080312,0.06000862,-0.035042666,-0.04458744,-0.006026105,-0.0025362845,-0.0061176987,0.016121864,0.0062460327,-0.011752948,-0.038071018,0.012184266,0.012020397,0.010018372,-0.011375313,0.030212294,-0.021172808,-0.010914672,-0.008486101,0.012242682,0.008937538,0.018274043,-0.01427761,0.004907921,0.0062886514,0.017921852,-0.0025295448,-0.01279957,-0.006675777,-0.015909484,-0.008048852,-0.012578526,-0.012176449,0.00217028,0.00046281284,-0.008965888,0.009796915,0.009566147
CD82,0.42936152,-0.122488394,-1.3010247,-0.092240214,-0.017531311,0.13596514,0.33213985,-0.08933571,0.2670157,-0.7763709,-0.12657027,0.8286476,-0.06811041,0.41776586,0.2094821,0.1612531,0.16132079,0.30121648,0.13245064,-0.16808297,0.035116527,0.111170165,0.07568282,0.045257267,-0.05340751,-0.44604576,0.2341578,0.07538117,0.10624468,-0.03512802,-0.10458412,-0.08494281,0.05732848,-0.04246827,0.24402723,0.069633044,0.16580014,0.18382286,-0.086779855,0.016819604,0.050020173,-0.06760342,-0.16336492,0.03456968,-0.059859995,-0.038295276,-0.010637113,-0.09298635,-0.01613421,-0.006839437
CD101,-0.03535314,0.106938474,0.044241056,0.11960857,0.15939479,0.031067705,0.06490437,-0.06202673,-0.10315167,-0.075888306,-0.32125217,0.035526525,-0.16344206,-0.043089062,-0.018874006,-0.17842595,-0.092413,0.056277715,-0.022164786,0.052608036,-0.29726312,0.03887882,0.20020641,-0.0498344,0.032095984,-0.0021905561,-0.17853399,-0.013076951,-0.006850869,-0.096565604,-0.03978047,0.13236758,-0.01107453,0.048365552,-0.031754773,-0.0582605,-0.07880254,0.05448344,0.005342684,-0.032581907,-0.016360117,-0.018756436,-0.016784845,-0.032955807,-0.011823515,-0.021745441,0.0038674523,0.0064830477,0.0077915513,-0.0026494053
CD88,0.7783792,-0.3119814,-1.5981687,0.20006193,0.100590244,-0.7010898,0.094606146,0.07837386,0.077404454,-0.6511608,-0.24086596,0.07267357,0.026324024,0.27114418,-0.15519007,-0.19571716,-0.09611301,-0.14553776,-0.1371531,0.013232957,0.078246854,0.14814784,-0.07578075,0.04697618,-0.045237802,0.25547472,0.08308489,-0.008743893,-0.26288825,0.0047093453,0.029871745,-0.092562124,0.052024223,0.016699515,-0.0046511902,0.026334532,-0.024532977,0.030206645,-0.042861443,0.048211817,-0.111097835,-0.024712363,-0.024621809,-0.0027463927,0.034732055,-0.05523092,-0.03594332,0.0051338063,-0.007377948,0.009134548
CD224,0.25706276,0.17869379,-0.044174626,-0.0854065,0.44529328,-0.19358085,0.23125596,-0.048472565,0.004910413,-1.0031978,-0.5677296,0.21534413,-0.46469286,0.116179325,-0.15452787,-0.055036005,0.010592926,-0.054841798,-0.022519033,0.043371636,0.019101297,0.0190895,0.02861027,0.14201546,-0.057828173,0.019008858,0.07061805,0.018816127,-0.086240046,0.05025268,0.006513192,-0.03215367,0.04625041,-0.043570127,0.08606722,-0.043555934,0.018740062,0.0055815494,-0.04698158,-0.032638602,0.031162716,-0.07642749,0.010009076,-0.04323963,0.013418191,0.0048817648,0.009648039,-0.017888414,0.022837754,0.034890555
